[
  {
    "measures": [],
    "num_staves": null
  },
  {
    "measures": [
      {
        "bbox": {
          "left": 0.045381564646959305,
          "top": 0.1238347515463829,
          "width": 0.15600226446986198,
          "height": 0.15138936787843704,
          "score": null
        },
        "key_signature": "A_MAJOR",
        "clefs": [
          "TREBLE",
          "BASS"
        ]
      },
      {
        "bbox": {
          "left": 0.17799532413482666,
          "top": 0.12204865366220474,
          "width": 0.26396819949150085,
          "height": 0.15131296962499619,
          "score": null
        },
        "key_signature": "A_MAJOR",
        "clefs": [
          "TREBLE",
          "BASS"
        ]
      },
      {
        "bbox": {
          "left": 0.4239244759082794,
          "top": 0.1304665207862854,
          "width": 0.263240784406662,
          "height": 0.1459844410419464,
          "score": null
        },
        "key_signature": "A_MAJOR",
        "clefs": [
          "TREBLE",
          "BASS"
        ]
      },
      {
        "bbox": {
          "left": 0.6669392585754395,
          "top": 0.13052798807621002,
          "width": 0.28427547216415405,
          "height": 0.14407579600811005,
          "score": null
        },
        "key_signature": "A_MAJOR",
        "clefs": [
          "TREBLE",
          "BASS"
        ]
      },
      {
        "bbox": {
          "left": 0.05089796707034111,
          "top": 0.2928355634212494,
          "width": 0.36865033581852913,
          "height": 0.14985248446464539,
          "score": null
        },
        "key_signature": "A_MAJOR",
        "clefs": [
          "TREBLE",
          "BASS"
        ]
      },
      {
        "bbox": {
          "left": 0.39749082922935486,
          "top": 0.28997474908828735,
          "width": 0.2873440086841583,
          "height": 0.15801891684532166,
          "score": null
        },
        "key_signature": "A_MAJOR",
        "clefs": [
          "TREBLE",
          "BASS"
        ]
      },
      {
        "bbox": {
          "left": 0.6712819337844849,
          "top": 0.2904459834098816,
          "width": 0.2707880139350891,
          "height": 0.15151843428611755,
          "score": null
        },
        "key_signature": "A_MAJOR",
        "clefs": [
          "TREBLE",
          "BASS"
        ]
      },
      {
        "bbox": {
          "left": 0.0502336248755455,
          "top": 0.44893863797187805,
          "width": 0.35518474131822586,
          "height": 0.14968499541282654,
          "score": null
        },
        "key_signature": "A_MAJOR",
        "clefs": [
          "TREBLE",
          "BASS"
        ]
      },
      {
        "bbox": {
          "left": 0.3791087567806244,
          "top": 0.45129889249801636,
          "width": 0.31605449318885803,
          "height": 0.1465192437171936,
          "score": null
        },
        "key_signature": "A_MAJOR",
        "clefs": [
          "TREBLE",
          "BASS"
        ]
      },
      {
        "bbox": {
          "left": 0.6711394190788269,
          "top": 0.45092514157295227,
          "width": 0.27803874015808105,
          "height": 0.1463838517665863,
          "score": null
        },
        "key_signature": "C_MAJOR",
        "clefs": [
          "TREBLE",
          "BASS"
        ]
      },
      {
        "bbox": {
          "left": 0.04967065155506134,
          "top": 0.6064090728759766,
          "width": 0.3368249088525772,
          "height": 0.16074353456497192,
          "score": null
        },
        "key_signature": "C_MAJOR",
        "clefs": [
          "TREBLE",
          "BASS"
        ]
      },
      {
        "bbox": {
          "left": 0.3632010519504547,
          "top": 0.6105157136917114,
          "width": 0.28548553586006165,
          "height": 0.15162789821624756,
          "score": null
        },
        "key_signature": "C_MAJOR",
        "clefs": [
          "TREBLE",
          "BASS"
        ]
      },
      {
        "bbox": {
          "left": 0.6339837908744812,
          "top": 0.6074426770210266,
          "width": 0.3197062015533447,
          "height": 0.15501505136489868,
          "score": null
        },
        "key_signature": "A_MAJOR",
        "clefs": [
          "TREBLE",
          "BASS"
        ]
      },
      {
        "bbox": {
          "left": 0.05181130766868591,
          "top": 0.7822535634040833,
          "width": 0.35452383756637573,
          "height": 0.17154526710510254,
          "score": null
        },
        "key_signature": "A_MAJOR",
        "clefs": [
          "TREBLE",
          "BASS"
        ]
      },
      {
        "bbox": {
          "left": 0.3785821497440338,
          "top": 0.7853963375091553,
          "width": 0.30017903447151184,
          "height": 0.1647966504096985,
          "score": null
        },
        "key_signature": "A_MAJOR",
        "clefs": [
          "TREBLE",
          "BASS"
        ]
      },
      {
        "bbox": {
          "left": 0.6585199236869812,
          "top": 0.7891023755073547,
          "width": 0.2891075611114502,
          "height": 0.16048502922058105,
          "score": null
        },
        "key_signature": "A_MAJOR",
        "clefs": [
          "TREBLE",
          "BASS"
        ]
      }
    ],
    "num_staves": null
  },
  {
    "measures": [
      {
        "bbox": {
          "left": 0.047533635050058365,
          "top": 0.03949734568595886,
          "width": 0.3746139071881771,
          "height": 0.14402510225772858,
          "score": null
        },
        "key_signature": "A_MAJOR",
        "clefs": [
          "TREBLE",
          "BASS"
        ]
      },
      {
        "bbox": {
          "left": 0.3967227041721344,
          "top": 0.04299148917198181,
          "width": 0.28863754868507385,
          "height": 0.1360524296760559,
          "score": null
        },
        "key_signature": "A_MAJOR",
        "clefs": [
          "TREBLE",
          "BASS"
        ]
      },
      {
        "bbox": {
          "left": 0.6634947657585144,
          "top": 0.05060036480426788,
          "width": 0.28611451387405396,
          "height": 0.12759307026863098,
          "score": null
        },
        "key_signature": "A_MAJOR",
        "clefs": [
          "TREBLE",
          "BASS"
        ]
      },
      {
        "bbox": {
          "left": 0.05879063904285431,
          "top": 0.18888190388679504,
          "width": 0.30367311770501343,
          "height": 0.14650776982307434,
          "score": null
        },
        "key_signature": "A_MAJOR",
        "clefs": [
          "TREBLE",
          "BASS"
        ]
      },
      {
        "bbox": {
          "left": 0.3473671383903798,
          "top": 0.18888190388679504,
          "width": 0.20531400966183574,
          "height": 0.14650776982307434,
          "score": null
        },
        "key_signature": "A_MAJOR",
        "clefs": [
          "TREBLE",
          "BASS"
        ]
      },
      {
        "bbox": {
          "left": 0.5282202959060669,
          "top": 0.18774820864200592,
          "width": 0.23040956258773804,
          "height": 0.147683784365654,
          "score": null
        },
        "key_signature": "A_MAJOR",
        "clefs": [
          "TREBLE",
          "BASS"
        ]
      },
      {
        "bbox": {
          "left": 0.7384068369865417,
          "top": 0.18478058278560638,
          "width": 0.21615475416183472,
          "height": 0.15808288753032684,
          "score": null
        },
        "key_signature": "A_MAJOR",
        "clefs": [
          "TREBLE",
          "BASS"
        ]
      },
      {
        "bbox": {
          "left": 0.05600368604063988,
          "top": 0.3510400056838989,
          "width": 0.34191587939858437,
          "height": 0.14997923374176025,
          "score": null
        },
        "key_signature": "A_MAJOR",
        "clefs": [
          "TREBLE",
          "TREBLE"
        ]
      },
      {
        "bbox": {
          "left": 0.3793494403362274,
          "top": 0.34971100091934204,
          "width": 0.23792025446891785,
          "height": 0.1494286060333252,
          "score": null
        },
        "key_signature": "A_MAJOR",
        "clefs": [
          "TREBLE",
          "TREBLE"
        ]
      },
      {
        "bbox": {
          "left": 0.5995580554008484,
          "top": 0.3453919291496277,
          "width": 0.357133686542511,
          "height": 0.16039633750915527,
          "score": null
        },
        "key_signature": "C_MAJOR",
        "clefs": [
          "TREBLE",
          "BASS"
        ]
      },
      {
        "bbox": {
          "left": 0.06167635694146156,
          "top": 0.5080749988555908,
          "width": 0.3914192861872883,
          "height": 0.15211135149002075,
          "score": null
        },
        "key_signature": "C_MAJOR",
        "clefs": [
          "TREBLE",
          "BASS"
        ]
      },
      {
        "bbox": {
          "left": 0.45309564312874984,
          "top": 0.5080749988555908,
          "width": 0.29830917874396135,
          "height": 0.15211135149002075,
          "score": null
        },
        "key_signature": "C_MAJOR",
        "clefs": [
          "TREBLE",
          "BASS"
        ]
      },
      {
        "bbox": {
          "left": 0.7145703434944153,
          "top": 0.5092313885688782,
          "width": 0.23633277416229248,
          "height": 0.14767074584960938,
          "score": null
        },
        "key_signature": "C_MAJOR",
        "clefs": [
          "TREBLE",
          "BASS"
        ]
      },
      {
        "bbox": {
          "left": 0.05070727318525314,
          "top": 0.6575641632080078,
          "width": 0.3529871180653572,
          "height": 0.15119189023971558,
          "score": null
        },
        "key_signature": "C_MAJOR",
        "clefs": [
          "TREBLE",
          "BASS"
        ]
      },
      {
        "bbox": {
          "left": 0.3785961866378784,
          "top": 0.6630533933639526,
          "width": 0.31368565559387207,
          "height": 0.14249253273010254,
          "score": null
        },
        "key_signature": "C_MAJOR",
        "clefs": [
          "TREBLE",
          "BASS"
        ]
      },
      {
        "bbox": {
          "left": 0.6711451411247253,
          "top": 0.6606065630912781,
          "width": 0.28168314695358276,
          "height": 0.1443079710006714,
          "score": null
        },
        "key_signature": "C_MAJOR",
        "clefs": [
          "TREBLE",
          "BASS"
        ]
      },
      {
        "bbox": {
          "left": 0.050509046763181686,
          "top": 0.8099443316459656,
          "width": 0.3379902131855488,
          "height": 0.1530495285987854,
          "score": null
        },
        "key_signature": "C_MAJOR",
        "clefs": [
          "TREBLE",
          "BASS"
        ]
      },
      {
        "bbox": {
          "left": 0.35550814867019653,
          "top": 0.8169031739234924,
          "width": 0.3091055673101674,
          "height": 0.14716660976409912,
          "score": null
        },
        "key_signature": "A_MAJOR",
        "clefs": [
          "TREBLE",
          "BASS"
        ]
      },
      {
        "bbox": {
          "left": 0.6646137159803639,
          "top": 0.8169031739234924,
          "width": 0.2826086956521739,
          "height": 0.14716660976409912,
          "score": null
        },
        "key_signature": "A_MAJOR",
        "clefs": [
          "TREBLE",
          "BASS"
        ]
      }
    ],
    "num_staves": null
  },
  {
    "measures": [
      {
        "bbox": {
          "left": 0.050751179456710815,
          "top": 0.0669776052236557,
          "width": 0.36094555258750916,
          "height": 0.13321204483509064,
          "score": null
        },
        "key_signature": "A_MAJOR",
        "clefs": [
          "TREBLE",
          "BASS"
        ]
      },
      {
        "bbox": {
          "left": 0.3894222676753998,
          "top": 0.06763451546430588,
          "width": 0.2914792597293854,
          "height": 0.13697320967912674,
          "score": null
        },
        "key_signature": "A_MAJOR",
        "clefs": [
          "TREBLE",
          "BASS"
        ]
      },
      {
        "bbox": {
          "left": 0.6610457301139832,
          "top": 0.07145226001739502,
          "width": 0.2850489616394043,
          "height": 0.13783426582813263,
          "score": null
        },
        "key_signature": "A_MAJOR",
        "clefs": [
          "TREBLE",
          "BASS"
        ]
      },
      {
        "bbox": {
          "left": 0.05356834456324577,
          "top": 0.2067425549030304,
          "width": 0.4238537438213825,
          "height": 0.1376526653766632,
          "score": null
        },
        "key_signature": "A_MAJOR",
        "clefs": [
          "TREBLE",
          "BASS"
        ]
      },
      {
        "bbox": {
          "left": 0.45136022567749023,
          "top": 0.20912866294384003,
          "width": 0.28885423545100003,
          "height": 0.1356915980577469,
          "score": null
        },
        "key_signature": "C_MAJOR",
        "clefs": [
          "TREBLE",
          "BASS"
        ]
      },
      {
        "bbox": {
          "left": 0.7341214659594082,
          "top": 0.20912866294384003,
          "width": 0.21384057971014747,
          "height": 0.1356915980577469,
          "score": null
        },
        "key_signature": "C_MAJOR",
        "clefs": [
          "TREBLE",
          "BASS"
        ]
      },
      {
        "bbox": {
          "left": 0.04874404892325401,
          "top": 0.3543219566345215,
          "width": 0.48023944529862217,
          "height": 0.15319383144378662,
          "score": null
        },
        "key_signature": "C_MAJOR",
        "clefs": [
          "TREBLE",
          "BASS"
        ]
      },
      {
        "bbox": {
          "left": 0.5199255232073835,
          "top": 0.3543219566345215,
          "width": 0.46497584541062803,
          "height": 0.15319383144378662,
          "score": null
        },
        "key_signature": "C_MAJOR",
        "clefs": [
          "TREBLE",
          "TREBLE"
        ]
      },
      {
        "bbox": {
          "left": 0.05753638222813606,
          "top": 0.507274329662323,
          "width": 0.39480141922831535,
          "height": 0.1469327211380005,
          "score": null
        },
        "key_signature": "C_MAJOR",
        "clefs": [
          "TREBLE",
          "BASS"
        ]
      },
      {
        "bbox": {
          "left": 0.4235388934612274,
          "top": 0.5090308785438538,
          "width": 0.28572508692741394,
          "height": 0.14496922492980957,
          "score": null
        },
        "key_signature": "C_MAJOR",
        "clefs": [
          "TREBLE",
          "BASS"
        ]
      },
      {
        "bbox": {
          "left": 0.6881905198097229,
          "top": 0.5121654272079468,
          "width": 0.26592451333999634,
          "height": 0.13870811462402344,
          "score": null
        },
        "key_signature": "C_MAJOR",
        "clefs": [
          "TREBLE",
          "BASS"
        ]
      },
      {
        "bbox": {
          "left": 0.060422517359256744,
          "top": 0.6660158038139343,
          "width": 0.3913085088133812,
          "height": 0.14353853464126587,
          "score": null
        },
        "key_signature": "C_MAJOR",
        "clefs": [
          "TREBLE",
          "BASS"
        ]
      },
      {
        "bbox": {
          "left": 0.4229431450366974,
          "top": 0.6636229157447815,
          "width": 0.2735932171344757,
          "height": 0.141243577003479,
          "score": null
        },
        "key_signature": "C_MAJOR",
        "clefs": [
          "TREBLE",
          "BASS"
        ]
      },
      {
        "bbox": {
          "left": 0.6780450344085693,
          "top": 0.6639190912246704,
          "width": 0.2719602584838867,
          "height": 0.14103055000305176,
          "score": null
        },
        "key_signature": "A_MAJOR",
        "clefs": [
          "TREBLE",
          "TREBLE"
        ]
      },
      {
        "bbox": {
          "left": 0.04792772978544235,
          "top": 0.8171654343605042,
          "width": 0.30216339975595474,
          "height": 0.1398601531982422,
          "score": null
        },
        "key_signature": "A_MAJOR",
        "clefs": [
          "TREBLE",
          "BASS"
        ]
      },
      {
        "bbox": {
          "left": 0.32773756980895996,
          "top": 0.8095694780349731,
          "width": 0.31506824493408203,
          "height": 0.147081196308136,
          "score": null
        },
        "key_signature": "A_MAJOR",
        "clefs": [
          "TREBLE",
          "BASS"
        ]
      },
      {
        "bbox": {
          "left": 0.6296061277389526,
          "top": 0.8137692213058472,
          "width": 0.32042235136032104,
          "height": 0.1478813886642456,
          "score": null
        },
        "key_signature": "A_MAJOR",
        "clefs": [
          "TREBLE",
          "BASS"
        ]
      }
    ],
    "num_staves": null
  },
  {
    "measures": [
      {
        "bbox": {
          "left": 0.05783732235431671,
          "top": 0.051016997545957565,
          "width": 0.37073345482349396,
          "height": 0.14378230646252632,
          "score": null
        },
        "key_signature": "A_MAJOR",
        "clefs": [
          "TREBLE",
          "BASS"
        ]
      },
      {
        "bbox": {
          "left": 0.39859941601753235,
          "top": 0.05528188496828079,
          "width": 0.28762850165367126,
          "height": 0.13614799827337265,
          "score": null
        },
        "key_signature": "A_MAJOR",
        "clefs": [
          "TREBLE",
          "BASS"
        ]
      },
      {
        "bbox": {
          "left": 0.6635104417800903,
          "top": 0.058090437203645706,
          "width": 0.2825614809989929,
          "height": 0.13726158067584038,
          "score": null
        },
        "key_signature": "A_MAJOR",
        "clefs": [
          "TREBLE",
          "BASS"
        ]
      },
      {
        "bbox": {
          "left": 0.050252825021743774,
          "top": 0.19070735573768616,
          "width": 0.3447496294975281,
          "height": 0.13714608550071716,
          "score": null
        },
        "key_signature": "A_MAJOR",
        "clefs": [
          "TREBLE",
          "BASS"
        ]
      },
      {
        "bbox": {
          "left": 0.3769493103027344,
          "top": 0.19343583285808563,
          "width": 0.2827303409576416,
          "height": 0.13473112881183624,
          "score": null
        },
        "key_signature": "A_MAJOR",
        "clefs": [
          "TREBLE",
          "BASS"
        ]
      },
      {
        "bbox": {
          "left": 0.643182635307312,
          "top": 0.18907368183135986,
          "width": 0.314383327960968,
          "height": 0.13950097560882568,
          "score": null
        },
        "key_signature": "A_MAJOR",
        "clefs": [
          "TREBLE",
          "BASS"
        ]
      },
      {
        "bbox": {
          "left": 0.05427410081028938,
          "top": 0.33614322543144226,
          "width": 0.3462298922240734,
          "height": 0.14684394001960754,
          "score": null
        },
        "key_signature": "C_MAJOR",
        "clefs": [
          "TREBLE",
          "BASS"
        ]
      },
      {
        "bbox": {
          "left": 0.3777337372303009,
          "top": 0.333558052778244,
          "width": 0.29144802689552307,
          "height": 0.14925682544708252,
          "score": null
        },
        "key_signature": "C_MAJOR",
        "clefs": [
          "TREBLE",
          "BASS"
        ]
      },
      {
        "bbox": {
          "left": 0.654593825340271,
          "top": 0.3392997682094574,
          "width": 0.2954220771789551,
          "height": 0.14133766293525696,
          "score": null
        },
        "key_signature": "C_MAJOR",
        "clefs": [
          "TREBLE",
          "BASS"
        ]
      },
      {
        "bbox": {
          "left": 0.03357813507318497,
          "top": 0.48406869173049927,
          "width": 0.51035634752201,
          "height": 0.1538851261138916,
          "score": null
        },
        "key_signature": "C_MAJOR",
        "clefs": [
          "TREBLE",
          "BASS"
        ]
      },
      {
        "bbox": {
          "left": 0.5438136423195616,
          "top": 0.48406869173049927,
          "width": 0.4240338837538942,
          "height": 0.1538851261138916,
          "score": null
        },
        "key_signature": "A_MAJOR",
        "clefs": [
          "TREBLE",
          "BASS"
        ]
      },
      {
        "bbox": {
          "left": 0.05618042126297951,
          "top": 0.6437284350395203,
          "width": 0.4874378845721914,
          "height": 0.1571645736694336,
          "score": null
        },
        "key_signature": "A_MAJOR",
        "clefs": [
          "TREBLE",
          "BASS"
        ]
      },
      {
        "bbox": {
          "left": 0.5434992618426897,
          "top": 0.6437284350395203,
          "width": 0.4417313628330611,
          "height": 0.1571645736694336,
          "score": null
        },
        "key_signature": "A_MAJOR",
        "clefs": [
          "TREBLE",
          "BASS"
        ]
      },
      {
        "bbox": {
          "left": 0.04317672923207283,
          "top": 0.8104985952377319,
          "width": 0.41828734800219536,
          "height": 0.15928196907043457,
          "score": null
        },
        "key_signature": "A_MAJOR",
        "clefs": [
          "TREBLE",
          "BASS"
        ]
      },
      {
        "bbox": {
          "left": 0.43490374088287354,
          "top": 0.810160756111145,
          "width": 0.2776976227760315,
          "height": 0.15997350215911865,
          "score": null
        },
        "key_signature": "C_MAJOR",
        "clefs": [
          "TREBLE",
          "BASS"
        ]
      },
      {
        "bbox": {
          "left": 0.6893013119697571,
          "top": 0.8092288970947266,
          "width": 0.2652934193611145,
          "height": 0.1597258448600769,
          "score": null
        },
        "key_signature": "C_MAJOR",
        "clefs": [
          "TREBLE",
          "BASS"
        ]
      }
    ],
    "num_staves": null
  },
  {
    "measures": [
      {
        "bbox": {
          "left": 0.05196094512939453,
          "top": 0.07404206693172455,
          "width": 0.3650466501712799,
          "height": 0.15746794641017914,
          "score": null
        },
        "key_signature": "C_MAJOR",
        "clefs": [
          "TREBLE",
          "BASS"
        ]
      },
      {
        "bbox": {
          "left": 0.38738659024238586,
          "top": 0.0732852965593338,
          "width": 0.2780568301677704,
          "height": 0.15967917442321777,
          "score": null
        },
        "key_signature": "A_MAJOR",
        "clefs": [
          "TREBLE",
          "BASS"
        ]
      },
      {
        "bbox": {
          "left": 0.6480633616447449,
          "top": 0.07569605112075806,
          "width": 0.30266112089157104,
          "height": 0.1519780158996582,
          "score": null
        },
        "key_signature": "A_MAJOR",
        "clefs": [
          "TREBLE",
          "BASS"
        ]
      },
      {
        "bbox": {
          "left": 0.04729092866182327,
          "top": 0.24720114469528198,
          "width": 0.5206329748034477,
          "height": 0.1582188606262207,
          "score": null
        },
        "key_signature": "A_MAJOR",
        "clefs": [
          "TREBLE",
          "BASS"
        ]
      },
      {
        "bbox": {
          "left": 0.5402802228927612,
          "top": 0.24893531203269958,
          "width": 0.4106186628341675,
          "height": 0.1494971215724945,
          "score": null
        },
        "key_signature": "A_MAJOR",
        "clefs": [
          "TREBLE",
          "BASS"
        ]
      },
      {
        "bbox": {
          "left": 0.049328386783599854,
          "top": 0.42366915941238403,
          "width": 0.5193136930465698,
          "height": 0.15711838006973267,
          "score": null
        },
        "key_signature": "A_MAJOR",
        "clefs": [
          "TREBLE",
          "BASS"
        ]
      },
      {
        "bbox": {
          "left": 0.5307351350784302,
          "top": 0.42332926392555237,
          "width": 0.4238967299461365,
          "height": 0.15299120545387268,
          "score": null
        },
        "key_signature": "A_MAJOR",
        "clefs": [
          "TREBLE",
          "BASS"
        ]
      },
      {
        "bbox": {
          "left": 0.05586474388837814,
          "top": 0.6066395044326782,
          "width": 0.42963016778230667,
          "height": 0.16999191045761108,
          "score": null
        },
        "key_signature": "A_MAJOR",
        "clefs": [
          "TREBLE",
          "BASS"
        ]
      },
      {
        "bbox": {
          "left": 0.45170506834983826,
          "top": 0.6066704392433167,
          "width": 0.2705741822719574,
          "height": 0.17602378129959106,
          "score": null
        },
        "key_signature": "A_MAJOR",
        "clefs": [
          "TREBLE",
          "BASS"
        ]
      },
      {
        "bbox": {
          "left": 0.6994540095329285,
          "top": 0.6051433086395264,
          "width": 0.25222110748291016,
          "height": 0.18282729387283325,
          "score": null
        },
        "key_signature": "A_MAJOR",
        "clefs": [
          "TREBLE",
          "BASS"
        ]
      },
      {
        "bbox": {
          "left": 0.05462804436683655,
          "top": 0.7996006011962891,
          "width": 0.42163875699043274,
          "height": 0.16977816820144653,
          "score": null
        },
        "key_signature": "A_MAJOR",
        "clefs": [
          "TREBLE",
          "BASS"
        ]
      },
      {
        "bbox": {
          "left": 0.4509790241718292,
          "top": 0.8074745535850525,
          "width": 0.24977079033851624,
          "height": 0.15340161323547363,
          "score": null
        },
        "key_signature": "A_MAJOR",
        "clefs": [
          "TREBLE",
          "TREBLE"
        ]
      },
      {
        "bbox": {
          "left": 0.6797915697097778,
          "top": 0.8085842728614807,
          "width": 0.17907464504241943,
          "height": 0.1499611735343933,
          "score": null
        },
        "key_signature": "A_MAJOR",
        "clefs": [
          "TREBLE",
          "TREBLE"
        ]
      },
      {
        "bbox": {
          "left": 0.8323675394058228,
          "top": 0.8021818399429321,
          "width": 0.11867952346801758,
          "height": 0.15559184551239014,
          "score": null
        },
        "key_signature": "A_MAJOR",
        "clefs": [
          "TREBLE",
          "BASS"
        ]
      }
    ],
    "num_staves": null
  }
]