[
  {
    "measures": [
      {
        "bbox": {
          "left": 0.11290920525789261,
          "top": 0.06785658001899719,
          "width": 0.23629149049520493,
          "height": 0.13968341052532196,
          "score": null
        },
        "key_signature": "B_FLAT_MAJOR",
        "clefs": [
          "TREBLE",
          "BASS"
        ]
      },
      {
        "bbox": {
          "left": 0.3367006480693817,
          "top": 0.07305186986923218,
          "width": 0.19420704245567322,
          "height": 0.13769105076789856,
          "score": null
        },
        "key_signature": "B_FLAT_MAJOR",
        "clefs": [
          "TREBLE",
          "BASS"
        ]
      },
      {
        "bbox": {
          "left": 0.5188978314399719,
          "top": 0.07283841818571091,
          "width": 0.18500667810440063,
          "height": 0.13956160098314285,
          "score": null
        },
        "key_signature": "B_FLAT_MAJOR",
        "clefs": [
          "TREBLE",
          "BASS"
        ]
      },
      {
        "bbox": {
          "left": 0.6864976286888123,
          "top": 0.0625900998711586,
          "width": 0.22844815254211426,
          "height": 0.15384329110383987,
          "score": null
        },
        "key_signature": "B_FLAT_MAJOR",
        "clefs": [
          "TREBLE",
          "BASS"
        ]
      },
      {
        "bbox": {
          "left": 0.06785851716995239,
          "top": 0.21555547416210175,
          "width": 0.24492132663726807,
          "height": 0.13063322007656097,
          "score": null
        },
        "key_signature": "B_FLAT_MAJOR",
        "clefs": [
          "TREBLE",
          "BASS"
        ]
      },
      {
        "bbox": {
          "left": 0.2952410578727722,
          "top": 0.2164933830499649,
          "width": 0.2217463254928589,
          "height": 0.13669325411319733,
          "score": null
        },
        "key_signature": "B_FLAT_MAJOR",
        "clefs": [
          "TREBLE",
          "BASS"
        ]
      },
      {
        "bbox": {
          "left": 0.5056158304214478,
          "top": 0.22150848805904388,
          "width": 0.1790265440940857,
          "height": 0.1268164962530136,
          "score": null
        },
        "key_signature": "B_FLAT_MAJOR",
        "clefs": [
          "TREBLE",
          "BASS"
        ]
      },
      {
        "bbox": {
          "left": 0.6721658706665039,
          "top": 0.21682891249656677,
          "width": 0.27032947540283203,
          "height": 0.13793060183525085,
          "score": null
        },
        "key_signature": "B_FLAT_MAJOR",
        "clefs": [
          "TREBLE",
          "BASS"
        ]
      },
      {
        "bbox": {
          "left": 0.0763254165649414,
          "top": 0.35375893115997314,
          "width": 0.24014192819595337,
          "height": 0.14784467220306396,
          "score": null
        },
        "key_signature": "B_FLAT_MAJOR",
        "clefs": [
          "TREBLE",
          "BASS"
        ]
      },
      {
        "bbox": {
          "left": 0.29553452134132385,
          "top": 0.35701990127563477,
          "width": 0.2655005156993866,
          "height": 0.13706040382385254,
          "score": null
        },
        "key_signature": "B_FLAT_MAJOR",
        "clefs": [
          "TREBLE",
          "BASS"
        ]
      },
      {
        "bbox": {
          "left": 0.5485779047012329,
          "top": 0.3511941730976105,
          "width": 0.18479132652282715,
          "height": 0.15604320168495178,
          "score": null
        },
        "key_signature": "B_FLAT_MAJOR",
        "clefs": [
          "TREBLE",
          "BASS"
        ]
      },
      {
        "bbox": {
          "left": 0.7194023132324219,
          "top": 0.3576366603374481,
          "width": 0.21905678510665894,
          "height": 0.14540013670921326,
          "score": null
        },
        "key_signature": "B_FLAT_MAJOR",
        "clefs": [
          "TREBLE",
          "BASS"
        ]
      },
      {
        "bbox": {
          "left": 0.07628224790096283,
          "top": 0.5047534704208374,
          "width": 0.3106532245874405,
          "height": 0.13370829820632935,
          "score": null
        },
        "key_signature": "B_FLAT_MAJOR",
        "clefs": [
          "TREBLE",
          "BASS"
        ]
      },
      {
        "bbox": {
          "left": 0.378614217042923,
          "top": 0.5105684399604797,
          "width": 0.16585039275744,
          "height": 0.12478369474411011,
          "score": null
        },
        "key_signature": "B_FLAT_MAJOR",
        "clefs": [
          "TREBLE",
          "BASS"
        ]
      },
      {
        "bbox": {
          "left": 0.5444646098003629,
          "top": 0.5105684399604797,
          "width": 0.17732588273427446,
          "height": 0.12478369474411011,
          "score": null
        },
        "key_signature": "B_FLAT_MAJOR",
        "clefs": [
          "TREBLE",
          "BASS"
        ]
      },
      {
        "bbox": {
          "left": 0.7090569138526917,
          "top": 0.5073397159576416,
          "width": 0.23067891597747803,
          "height": 0.13119417428970337,
          "score": null
        },
        "key_signature": "B_FLAT_MAJOR",
        "clefs": [
          "TREBLE",
          "BASS"
        ]
      },
      {
        "bbox": {
          "left": 0.07705925405025482,
          "top": 0.6521996259689331,
          "width": 0.2914136201143265,
          "height": 0.14115673303604126,
          "score": null
        },
        "key_signature": "B_FLAT_MAJOR",
        "clefs": [
          "TREBLE",
          "BASS"
        ]
      },
      {
        "bbox": {
          "left": 0.35046958923339844,
          "top": 0.6566175222396851,
          "width": 0.197007417678833,
          "height": 0.13474231958389282,
          "score": null
        },
        "key_signature": "B_FLAT_MAJOR",
        "clefs": [
          "TREBLE",
          "BASS"
        ]
      },
      {
        "bbox": {
          "left": 0.5388400554656982,
          "top": 0.6511651873588562,
          "width": 0.20547878742218018,
          "height": 0.142162024974823,
          "score": null
        },
        "key_signature": "B_FLAT_MAJOR",
        "clefs": [
          "TREBLE",
          "BASS"
        ]
      },
      {
        "bbox": {
          "left": 0.7310971021652222,
          "top": 0.6557818055152893,
          "width": 0.20119225978851318,
          "height": 0.1378456950187683,
          "score": null
        },
        "key_signature": "B_FLAT_MAJOR",
        "clefs": [
          "TREBLE",
          "BASS"
        ]
      },
      {
        "bbox": {
          "left": 0.06949451565742493,
          "top": 0.795187771320343,
          "width": 0.2945159673690796,
          "height": 0.14498025178909302,
          "score": null
        },
        "key_signature": "B_FLAT_MAJOR",
        "clefs": [
          "TREBLE",
          "BASS"
        ]
      },
      {
        "bbox": {
          "left": 0.34163135290145874,
          "top": 0.7933851480484009,
          "width": 0.22213393449783325,
          "height": 0.13782012462615967,
          "score": null
        },
        "key_signature": "B_FLAT_MAJOR",
        "clefs": [
          "TREBLE",
          "BASS"
        ]
      },
      {
        "bbox": {
          "left": 0.5486723184585571,
          "top": 0.7956231236457825,
          "width": 0.1917746663093567,
          "height": 0.13290971517562866,
          "score": null
        },
        "key_signature": "B_FLAT_MAJOR",
        "clefs": [
          "TREBLE",
          "BASS"
        ]
      },
      {
        "bbox": {
          "left": 0.7208555340766907,
          "top": 0.7931502461433411,
          "width": 0.22032266855239868,
          "height": 0.13868755102157593,
          "score": null
        },
        "key_signature": "B_FLAT_MAJOR",
        "clefs": [
          "TREBLE",
          "BASS"
        ]
      }
    ],
    "num_staves": null
  }
]