[
  {
    "measures": [],
    "num_staves": null
  },
  {
    "measures": [
      {
        "bbox": {
          "left": 0.08998525142669678,
          "top": 0.12635549902915955,
          "width": 0.3301227390766144,
          "height": 0.20308330655097961,
          "score": null
        },
        "key_signature": "D_MAJOR",
        "clefs": [
          "TREBLE",
          "TREBLE",
          "BASS"
        ]
      },
      {
        "bbox": {
          "left": 0.39807528257369995,
          "top": 0.13254842162132263,
          "width": 0.20804351568222046,
          "height": 0.18838059902191162,
          "score": null
        },
        "key_signature": "D_MAJOR",
        "clefs": [
          "TREBLE",
          "TREBLE",
          "BASS"
        ]
      },
      {
        "bbox": {
          "left": 0.5818917155265808,
          "top": 0.13070543110370636,
          "width": 0.2101508378982544,
          "height": 0.19045870006084442,
          "score": null
        },
        "key_signature": "D_MAJOR",
        "clefs": [
          "TREBLE",
          "TREBLE",
          "BASS"
        ]
      },
      {
        "bbox": {
          "left": 0.7642335295677185,
          "top": 0.13305896520614624,
          "width": 0.21177023649215698,
          "height": 0.18727323412895203,
          "score": null
        },
        "key_signature": "D_MAJOR",
        "clefs": [
          "TREBLE",
          "TREBLE",
          "BASS"
        ]
      },
      {
        "bbox": {
          "left": 0.019892821088433266,
          "top": 0.3299253582954407,
          "width": 0.2621488180011511,
          "height": 0.1793251633644104,
          "score": null
        },
        "key_signature": "D_MAJOR",
        "clefs": [
          "TREBLE",
          "TREBLE",
          "BASS"
        ]
      },
      {
        "bbox": {
          "left": 0.26318415999412537,
          "top": 0.33114248514175415,
          "width": 0.1908496618270874,
          "height": 0.17585355043411255,
          "score": null
        },
        "key_signature": "D_MAJOR",
        "clefs": [
          "TREBLE",
          "TREBLE",
          "BASS"
        ]
      },
      {
        "bbox": {
          "left": 0.4329211413860321,
          "top": 0.3288518488407135,
          "width": 0.19393464922904968,
          "height": 0.18041089177131653,
          "score": null
        },
        "key_signature": "D_MAJOR",
        "clefs": [
          "TREBLE",
          "TREBLE",
          "BASS"
        ]
      },
      {
        "bbox": {
          "left": 0.6047519445419312,
          "top": 0.32762542366981506,
          "width": 0.1937389373779297,
          "height": 0.18092790246009827,
          "score": null
        },
        "key_signature": "D_MAJOR",
        "clefs": [
          "TREBLE",
          "TREBLE",
          "BASS"
        ]
      },
      {
        "bbox": {
          "left": 0.7767900824546814,
          "top": 0.32994258403778076,
          "width": 0.19389748573303223,
          "height": 0.17866384983062744,
          "score": null
        },
        "key_signature": "D_MAJOR",
        "clefs": [
          "TREBLE",
          "TREBLE",
          "BASS"
        ]
      },
      {
        "bbox": {
          "left": 0.0189681239426136,
          "top": 0.5167576670646667,
          "width": 0.2638004533946514,
          "height": 0.17892098426818848,
          "score": null
        },
        "key_signature": "D_MAJOR",
        "clefs": [
          "TREBLE",
          "TREBLE",
          "BASS"
        ]
      },
      {
        "bbox": {
          "left": 0.26394450664520264,
          "top": 0.5178513526916504,
          "width": 0.19133925437927246,
          "height": 0.17560768127441406,
          "score": null
        },
        "key_signature": "D_MAJOR",
        "clefs": [
          "TREBLE",
          "TREBLE",
          "BASS"
        ]
      },
      {
        "bbox": {
          "left": 0.4327493906021118,
          "top": 0.5177661180496216,
          "width": 0.19726234674453735,
          "height": 0.17442959547042847,
          "score": null
        },
        "key_signature": "D_MAJOR",
        "clefs": [
          "TREBLE",
          "TREBLE",
          "BASS"
        ]
      },
      {
        "bbox": {
          "left": 0.6048738956451416,
          "top": 0.516289234161377,
          "width": 0.19730639457702637,
          "height": 0.17588603496551514,
          "score": null
        },
        "key_signature": "D_MAJOR",
        "clefs": [
          "TREBLE",
          "TREBLE",
          "BASS"
        ]
      },
      {
        "bbox": {
          "left": 0.7765470147132874,
          "top": 0.5169984698295593,
          "width": 0.1995333433151245,
          "height": 0.17499184608459473,
          "score": null
        },
        "key_signature": "D_MAJOR",
        "clefs": [
          "TREBLE",
          "TREBLE",
          "BASS"
        ]
      },
      {
        "bbox": {
          "left": 0.015770137310028076,
          "top": 0.7061426639556885,
          "width": 0.2537269592285156,
          "height": 0.17868417501449585,
          "score": null
        },
        "key_signature": "D_MAJOR",
        "clefs": [
          "TREBLE",
          "TREBLE",
          "BASS"
        ]
      },
      {
        "bbox": {
          "left": 0.24690289795398712,
          "top": 0.7037185430526733,
          "width": 0.19240222871303558,
          "height": 0.1750166416168213,
          "score": null
        },
        "key_signature": "D_MAJOR",
        "clefs": [
          "TREBLE",
          "TREBLE",
          "BASS"
        ]
      },
      {
        "bbox": {
          "left": 0.4179795980453491,
          "top": 0.7039356827735901,
          "width": 0.19229555130004883,
          "height": 0.17937809228897095,
          "score": null
        },
        "key_signature": "D_MAJOR",
        "clefs": [
          "TREBLE",
          "TREBLE",
          "BASS"
        ]
      },
      {
        "bbox": {
          "left": 0.5894240140914917,
          "top": 0.7042849659919739,
          "width": 0.20765066146850586,
          "height": 0.18095368146896362,
          "score": null
        },
        "key_signature": "D_MAJOR",
        "clefs": [
          "TREBLE",
          "TREBLE",
          "BASS"
        ]
      },
      {
        "bbox": {
          "left": 0.7673214673995972,
          "top": 0.7061958312988281,
          "width": 0.2083088755607605,
          "height": 0.18307727575302124,
          "score": null
        },
        "key_signature": "D_MAJOR",
        "clefs": [
          "TREBLE",
          "TREBLE",
          "BASS"
        ]
      }
    ],
    "num_staves": null
  },
  {
    "measures": [
      {
        "bbox": {
          "left": 0.013517774641513824,
          "top": 0.06101095676422119,
          "width": 0.2781445309519768,
          "height": 0.2097814381122589,
          "score": null
        },
        "key_signature": "D_MAJOR",
        "clefs": [
          "TREBLE",
          "TREBLE",
          "BASS"
        ]
      },
      {
        "bbox": {
          "left": 0.2648044526576996,
          "top": 0.05791661515831947,
          "width": 0.20781204104423523,
          "height": 0.20583492144942284,
          "score": null
        },
        "key_signature": "D_MAJOR",
        "clefs": [
          "TREBLE",
          "TREBLE",
          "BASS"
        ]
      },
      {
        "bbox": {
          "left": 0.4501963257789612,
          "top": 0.06659325212240219,
          "width": 0.2037164568901062,
          "height": 0.20027504116296768,
          "score": null
        },
        "key_signature": "D_MAJOR",
        "clefs": [
          "TREBLE",
          "TREBLE",
          "BASS"
        ]
      },
      {
        "bbox": {
          "left": 0.6276678442955017,
          "top": 0.06320219486951828,
          "width": 0.20742547512054443,
          "height": 0.20840225368738174,
          "score": null
        },
        "key_signature": "D_MAJOR",
        "clefs": [
          "TREBLE",
          "TREBLE",
          "BASS"
        ]
      },
      {
        "bbox": {
          "left": 0.8124942183494568,
          "top": 0.0639505609869957,
          "width": 0.16905313730239868,
          "height": 0.20528162270784378,
          "score": null
        },
        "key_signature": "D_MAJOR",
        "clefs": [
          "TREBLE",
          "TREBLE",
          "BASS"
        ]
      },
      {
        "bbox": {
          "left": 0.012057661078870296,
          "top": 0.2895154356956482,
          "width": 0.22165872249752283,
          "height": 0.20468637347221375,
          "score": null
        },
        "key_signature": "D_MAJOR",
        "clefs": [
          "TREBLE",
          "TREBLE",
          "BASS"
        ]
      },
      {
        "bbox": {
          "left": 0.21365290880203247,
          "top": 0.29380127787590027,
          "width": 0.18587738275527954,
          "height": 0.19454997777938843,
          "score": null
        },
        "key_signature": "D_MAJOR",
        "clefs": [
          "TREBLE",
          "TREBLE",
          "BASS"
        ]
      },
      {
        "bbox": {
          "left": 0.3730130195617676,
          "top": 0.29499006271362305,
          "width": 0.17435222864151,
          "height": 0.19244632124900818,
          "score": null
        },
        "key_signature": "D_MAJOR",
        "clefs": [
          "TREBLE",
          "TREBLE",
          "BASS"
        ]
      },
      {
        "bbox": {
          "left": 0.5344095230102539,
          "top": 0.2931268513202667,
          "width": 0.15216851234436035,
          "height": 0.18819907307624817,
          "score": null
        },
        "key_signature": "D_MAJOR",
        "clefs": [
          "TREBLE",
          "TREBLE",
          "BASS"
        ]
      },
      {
        "bbox": {
          "left": 0.6627227067947388,
          "top": 0.2925816774368286,
          "width": 0.14647328853607178,
          "height": 0.19593572616577148,
          "score": null
        },
        "key_signature": "D_MAJOR",
        "clefs": [
          "TREBLE",
          "TREBLE",
          "BASS"
        ]
      },
      {
        "bbox": {
          "left": 0.7854293584823608,
          "top": 0.293544739484787,
          "width": 0.19117987155914307,
          "height": 0.20062804222106934,
          "score": null
        },
        "key_signature": "D_MAJOR",
        "clefs": [
          "TREBLE",
          "TREBLE",
          "BASS"
        ]
      },
      {
        "bbox": {
          "left": 0.01219248492270708,
          "top": 0.51863032579422,
          "width": 0.26344806235283613,
          "height": 0.20391666889190674,
          "score": null
        },
        "key_signature": "D_MAJOR",
        "clefs": [
          "TREBLE",
          "TREBLE",
          "BASS"
        ]
      },
      {
        "bbox": {
          "left": 0.2565256357192993,
          "top": 0.5159298181533813,
          "width": 0.16200679540634155,
          "height": 0.206922709941864,
          "score": null
        },
        "key_signature": "D_MAJOR",
        "clefs": [
          "TREBLE",
          "TREBLE",
          "BASS"
        ]
      },
      {
        "bbox": {
          "left": 0.3917997181415558,
          "top": 0.5189442038536072,
          "width": 0.1562592089176178,
          "height": 0.20064091682434082,
          "score": null
        },
        "key_signature": "D_MAJOR",
        "clefs": [
          "TREBLE",
          "TREBLE",
          "BASS"
        ]
      },
      {
        "bbox": {
          "left": 0.5238766074180603,
          "top": 0.5171929001808167,
          "width": 0.16181010007858276,
          "height": 0.2033141851425171,
          "score": null
        },
        "key_signature": "D_MAJOR",
        "clefs": [
          "TREBLE",
          "TREBLE",
          "BASS"
        ]
      },
      {
        "bbox": {
          "left": 0.6648341417312622,
          "top": 0.5168159604072571,
          "width": 0.16839885711669922,
          "height": 0.20607656240463257,
          "score": null
        },
        "key_signature": "D_MAJOR",
        "clefs": [
          "TREBLE",
          "TREBLE",
          "BASS"
        ]
      },
      {
        "bbox": {
          "left": 0.8062368631362915,
          "top": 0.519662618637085,
          "width": 0.1723114252090454,
          "height": 0.20706099271774292,
          "score": null
        },
        "key_signature": "D_MAJOR",
        "clefs": [
          "TREBLE",
          "TREBLE",
          "BASS"
        ]
      },
      {
        "bbox": {
          "left": 0.013820762746036053,
          "top": 0.7314437031745911,
          "width": 0.27597126830369234,
          "height": 0.1923987865447998,
          "score": null
        },
        "key_signature": "D_MAJOR",
        "clefs": [
          "TREBLE",
          "TREBLE",
          "BASS"
        ]
      },
      {
        "bbox": {
          "left": 0.2643190324306488,
          "top": 0.7388592958450317,
          "width": 0.20219460129737854,
          "height": 0.17895030975341797,
          "score": null
        },
        "key_signature": "D_MAJOR",
        "clefs": [
          "TREBLE",
          "TREBLE",
          "BASS"
        ]
      },
      {
        "bbox": {
          "left": 0.4485752582550049,
          "top": 0.7400403022766113,
          "width": 0.189527690410614,
          "height": 0.1829962134361267,
          "score": null
        },
        "key_signature": "D_MAJOR",
        "clefs": [
          "TREBLE",
          "TREBLE",
          "BASS"
        ]
      },
      {
        "bbox": {
          "left": 0.6184087991714478,
          "top": 0.738598108291626,
          "width": 0.19595670700073242,
          "height": 0.18410933017730713,
          "score": null
        },
        "key_signature": "D_MAJOR",
        "clefs": [
          "TREBLE",
          "TREBLE",
          "BASS"
        ]
      },
      {
        "bbox": {
          "left": 0.790733277797699,
          "top": 0.7396849393844604,
          "width": 0.18391180038452148,
          "height": 0.18858832120895386,
          "score": null
        },
        "key_signature": "D_MAJOR",
        "clefs": [
          "TREBLE",
          "TREBLE",
          "BASS"
        ]
      }
    ],
    "num_staves": null
  },
  {
    "measures": [
      {
        "bbox": {
          "left": 0.016996638849377632,
          "top": 0.06029333546757698,
          "width": 0.2686502765864134,
          "height": 0.20569361373782158,
          "score": null
        },
        "key_signature": "D_MAJOR",
        "clefs": [
          "TREBLE",
          "TREBLE",
          "BASS"
        ]
      },
      {
        "bbox": {
          "left": 0.25732123851776123,
          "top": 0.06804224103689194,
          "width": 0.19353017210960388,
          "height": 0.19791940599679947,
          "score": null
        },
        "key_signature": "D_MAJOR",
        "clefs": [
          "TREBLE",
          "TREBLE",
          "BASS"
        ]
      },
      {
        "bbox": {
          "left": 0.43018215894699097,
          "top": 0.06466375291347504,
          "width": 0.1969693899154663,
          "height": 0.20032082498073578,
          "score": null
        },
        "key_signature": "D_MAJOR",
        "clefs": [
          "TREBLE",
          "TREBLE",
          "BASS"
        ]
      },
      {
        "bbox": {
          "left": 0.6030784845352173,
          "top": 0.06401800364255905,
          "width": 0.19783765077590942,
          "height": 0.1980900540947914,
          "score": null
        },
        "key_signature": "D_MAJOR",
        "clefs": [
          "TREBLE",
          "TREBLE",
          "BASS"
        ]
      },
      {
        "bbox": {
          "left": 0.7751883268356323,
          "top": 0.06166033819317818,
          "width": 0.20338094234466553,
          "height": 0.21117858216166496,
          "score": null
        },
        "key_signature": "D_MAJOR",
        "clefs": [
          "TREBLE",
          "TREBLE",
          "BASS"
        ]
      },
      {
        "bbox": {
          "left": 0.007367617450654507,
          "top": 0.2798217833042145,
          "width": 0.2819886738434434,
          "height": 0.21129274368286133,
          "score": null
        },
        "key_signature": "D_MAJOR",
        "clefs": [
          "TREBLE",
          "TREBLE",
          "BASS"
        ]
      },
      {
        "bbox": {
          "left": 0.2685728371143341,
          "top": 0.2851836085319519,
          "width": 0.19102135300636292,
          "height": 0.20507246255874634,
          "score": null
        },
        "key_signature": "D_MAJOR",
        "clefs": [
          "TREBLE",
          "TREBLE",
          "BASS"
        ]
      },
      {
        "bbox": {
          "left": 0.43747103214263916,
          "top": 0.28722837567329407,
          "width": 0.19324666261672974,
          "height": 0.2011932134628296,
          "score": null
        },
        "key_signature": "D_MAJOR",
        "clefs": [
          "TREBLE",
          "TREBLE",
          "BASS"
        ]
      },
      {
        "bbox": {
          "left": 0.6051421761512756,
          "top": 0.2848380208015442,
          "width": 0.19834411144256592,
          "height": 0.20043900609016418,
          "score": null
        },
        "key_signature": "D_MAJOR",
        "clefs": [
          "TREBLE",
          "TREBLE",
          "BASS"
        ]
      },
      {
        "bbox": {
          "left": 0.7743772864341736,
          "top": 0.2794996500015259,
          "width": 0.2024625539779663,
          "height": 0.2150035798549652,
          "score": null
        },
        "key_signature": "D_MAJOR",
        "clefs": [
          "TREBLE",
          "TREBLE",
          "BASS"
        ]
      },
      {
        "bbox": {
          "left": 0.014032021164894104,
          "top": 0.5073546767234802,
          "width": 0.2735886722803116,
          "height": 0.20295947790145874,
          "score": null
        },
        "key_signature": "D_MAJOR",
        "clefs": [
          "TREBLE",
          "TREBLE",
          "BASS"
        ]
      },
      {
        "bbox": {
          "left": 0.2607297897338867,
          "top": 0.5125418901443481,
          "width": 0.20298650860786438,
          "height": 0.196042001247406,
          "score": null
        },
        "key_signature": "D_MAJOR",
        "clefs": [
          "TREBLE",
          "TREBLE",
          "BASS"
        ]
      },
      {
        "bbox": {
          "left": 0.4390333294868469,
          "top": 0.5147062540054321,
          "width": 0.19739633798599243,
          "height": 0.1931159496307373,
          "score": null
        },
        "key_signature": "D_MAJOR",
        "clefs": [
          "TREBLE",
          "TREBLE",
          "BASS"
        ]
      },
      {
        "bbox": {
          "left": 0.6079216003417969,
          "top": 0.5169379115104675,
          "width": 0.19541126489639282,
          "height": 0.18972212076187134,
          "score": null
        },
        "key_signature": "D_MAJOR",
        "clefs": [
          "TREBLE",
          "TREBLE",
          "BASS"
        ]
      },
      {
        "bbox": {
          "left": 0.7810378670692444,
          "top": 0.5160011053085327,
          "width": 0.18984419107437134,
          "height": 0.20653706789016724,
          "score": null
        },
        "key_signature": "D_MAJOR",
        "clefs": [
          "TREBLE",
          "TREBLE",
          "BASS"
        ]
      },
      {
        "bbox": {
          "left": 0.010730616748332977,
          "top": 0.7325609922409058,
          "width": 0.2669719532132149,
          "height": 0.19242584705352783,
          "score": null
        },
        "key_signature": "D_MAJOR",
        "clefs": [
          "TREBLE",
          "TREBLE",
          "BASS"
        ]
      },
      {
        "bbox": {
          "left": 0.25402694940567017,
          "top": 0.740652859210968,
          "width": 0.19976121187210083,
          "height": 0.18190479278564453,
          "score": null
        },
        "key_signature": "D_MAJOR",
        "clefs": [
          "TREBLE",
          "TREBLE",
          "BASS"
        ]
      },
      {
        "bbox": {
          "left": 0.43112534284591675,
          "top": 0.7420029044151306,
          "width": 0.1896967887878418,
          "height": 0.1829271912574768,
          "score": null
        },
        "key_signature": "D_MAJOR",
        "clefs": [
          "TREBLE",
          "TREBLE",
          "BASS"
        ]
      },
      {
        "bbox": {
          "left": 0.5969274044036865,
          "top": 0.7410221099853516,
          "width": 0.20163679122924805,
          "height": 0.1837943196296692,
          "score": null
        },
        "key_signature": "D_MAJOR",
        "clefs": [
          "TREBLE",
          "TREBLE",
          "BASS"
        ]
      },
      {
        "bbox": {
          "left": 0.7736366987228394,
          "top": 0.7427229881286621,
          "width": 0.2018418312072754,
          "height": 0.18413782119750977,
          "score": null
        },
        "key_signature": "D_MAJOR",
        "clefs": [
          "TREBLE",
          "TREBLE",
          "BASS"
        ]
      }
    ],
    "num_staves": null
  },
  {
    "measures": [
      {
        "bbox": {
          "left": 0.020621974021196365,
          "top": 0.036995645612478256,
          "width": 0.26541663333773613,
          "height": 0.18613751605153084,
          "score": null
        },
        "key_signature": "D_MAJOR",
        "clefs": [
          "TREBLE",
          "TREBLE",
          "BASS"
        ]
      },
      {
        "bbox": {
          "left": 0.2627906799316406,
          "top": 0.04210378974676132,
          "width": 0.19679656624794006,
          "height": 0.17934226244688034,
          "score": null
        },
        "key_signature": "D_MAJOR",
        "clefs": [
          "TREBLE",
          "TREBLE",
          "BASS"
        ]
      },
      {
        "bbox": {
          "left": 0.4360291063785553,
          "top": 0.046149104833602905,
          "width": 0.19515034556388855,
          "height": 0.17725048959255219,
          "score": null
        },
        "key_signature": "D_MAJOR",
        "clefs": [
          "TREBLE",
          "TREBLE",
          "BASS"
        ]
      },
      {
        "bbox": {
          "left": 0.6087293028831482,
          "top": 0.0434320867061615,
          "width": 0.19302606582641602,
          "height": 0.17629195749759674,
          "score": null
        },
        "key_signature": "D_MAJOR",
        "clefs": [
          "TREBLE",
          "TREBLE",
          "BASS"
        ]
      },
      {
        "bbox": {
          "left": 0.7760866284370422,
          "top": 0.04482631757855415,
          "width": 0.1964913010597229,
          "height": 0.1773868314921856,
          "score": null
        },
        "key_signature": "D_MAJOR",
        "clefs": [
          "TREBLE",
          "TREBLE",
          "BASS"
        ]
      },
      {
        "bbox": {
          "left": 0.019177310168743134,
          "top": 0.22164349257946014,
          "width": 0.2674805000424385,
          "height": 0.17599011957645416,
          "score": null
        },
        "key_signature": "D_MAJOR",
        "clefs": [
          "TREBLE",
          "TREBLE",
          "BASS"
        ]
      },
      {
        "bbox": {
          "left": 0.26526981592178345,
          "top": 0.22623352706432343,
          "width": 0.19116050004959106,
          "height": 0.16845475137233734,
          "score": null
        },
        "key_signature": "D_MAJOR",
        "clefs": [
          "TREBLE",
          "TREBLE",
          "BASS"
        ]
      },
      {
        "bbox": {
          "left": 0.4384027123451233,
          "top": 0.22860851883888245,
          "width": 0.19253093004226685,
          "height": 0.16390153765678406,
          "score": null
        },
        "key_signature": "D_MAJOR",
        "clefs": [
          "TREBLE",
          "TREBLE",
          "BASS"
        ]
      },
      {
        "bbox": {
          "left": 0.6106548309326172,
          "top": 0.22604219615459442,
          "width": 0.19446909427642822,
          "height": 0.16546989977359772,
          "score": null
        },
        "key_signature": "D_MAJOR",
        "clefs": [
          "TREBLE",
          "TREBLE",
          "BASS"
        ]
      },
      {
        "bbox": {
          "left": 0.7815274000167847,
          "top": 0.2249084860086441,
          "width": 0.19136518239974976,
          "height": 0.16700772941112518,
          "score": null
        },
        "key_signature": "D_MAJOR",
        "clefs": [
          "TREBLE",
          "TREBLE",
          "BASS"
        ]
      },
      {
        "bbox": {
          "left": 0.018803799524903297,
          "top": 0.4005088210105896,
          "width": 0.26704699359834194,
          "height": 0.17629766464233398,
          "score": null
        },
        "key_signature": "D_MAJOR",
        "clefs": [
          "TREBLE",
          "TREBLE",
          "BASS"
        ]
      },
      {
        "bbox": {
          "left": 0.26435187458992004,
          "top": 0.4002563953399658,
          "width": 0.1897311806678772,
          "height": 0.1738319993019104,
          "score": null
        },
        "key_signature": "D_MAJOR",
        "clefs": [
          "TREBLE",
          "TREBLE",
          "BASS"
        ]
      },
      {
        "bbox": {
          "left": 0.43735021352767944,
          "top": 0.39816856384277344,
          "width": 0.1826033592224121,
          "height": 0.17673736810684204,
          "score": null
        },
        "key_signature": "D_MAJOR",
        "clefs": [
          "TREBLE",
          "TREBLE",
          "BASS"
        ]
      },
      {
        "bbox": {
          "left": 0.6058616042137146,
          "top": 0.397657573223114,
          "width": 0.19136285781860352,
          "height": 0.17440170049667358,
          "score": null
        },
        "key_signature": "D_MAJOR",
        "clefs": [
          "TREBLE",
          "TREBLE",
          "BASS"
        ]
      },
      {
        "bbox": {
          "left": 0.7751790285110474,
          "top": 0.39901697635650635,
          "width": 0.19641166925430298,
          "height": 0.17446982860565186,
          "score": null
        },
        "key_signature": "D_MAJOR",
        "clefs": [
          "TREBLE",
          "TREBLE",
          "BASS"
        ]
      },
      {
        "bbox": {
          "left": 0.019697265699505806,
          "top": 0.574740469455719,
          "width": 0.2759461533278227,
          "height": 0.1762506365776062,
          "score": null
        },
        "key_signature": "D_MAJOR",
        "clefs": [
          "TREBLE",
          "TREBLE",
          "BASS"
        ]
      },
      {
        "bbox": {
          "left": 0.2767222821712494,
          "top": 0.5777158141136169,
          "width": 0.19597196578979492,
          "height": 0.17201000452041626,
          "score": null
        },
        "key_signature": "D_MAJOR",
        "clefs": [
          "TREBLE",
          "TREBLE",
          "BASS"
        ]
      },
      {
        "bbox": {
          "left": 0.45053616166114807,
          "top": 0.5786257982254028,
          "width": 0.18746641278266907,
          "height": 0.17296260595321655,
          "score": null
        },
        "key_signature": "D_MAJOR",
        "clefs": [
          "TREBLE",
          "TREBLE",
          "BASS"
        ]
      },
      {
        "bbox": {
          "left": 0.61711585521698,
          "top": 0.5778276920318604,
          "width": 0.18396228551864624,
          "height": 0.1720256209373474,
          "score": null
        },
        "key_signature": "D_MAJOR",
        "clefs": [
          "TREBLE",
          "TREBLE",
          "BASS"
        ]
      },
      {
        "bbox": {
          "left": 0.7760632634162903,
          "top": 0.5802817940711975,
          "width": 0.19322633743286133,
          "height": 0.16849875450134277,
          "score": null
        },
        "key_signature": "D_MAJOR",
        "clefs": [
          "TREBLE",
          "TREBLE",
          "BASS"
        ]
      },
      {
        "bbox": {
          "left": 0.01594610884785652,
          "top": 0.7540382146835327,
          "width": 0.272277157753706,
          "height": 0.17591524124145508,
          "score": null
        },
        "key_signature": "D_MAJOR",
        "clefs": [
          "TREBLE",
          "TREBLE",
          "BASS"
        ]
      },
      {
        "bbox": {
          "left": 0.26755377650260925,
          "top": 0.7555076479911804,
          "width": 0.19348707795143127,
          "height": 0.16996067762374878,
          "score": null
        },
        "key_signature": "D_MAJOR",
        "clefs": [
          "TREBLE",
          "TREBLE",
          "BASS"
        ]
      },
      {
        "bbox": {
          "left": 0.44046831130981445,
          "top": 0.7569771409034729,
          "width": 0.19012755155563354,
          "height": 0.17074435949325562,
          "score": null
        },
        "key_signature": "D_MAJOR",
        "clefs": [
          "TREBLE",
          "TREBLE",
          "BASS"
        ]
      },
      {
        "bbox": {
          "left": 0.6098243594169617,
          "top": 0.7539412975311279,
          "width": 0.18684041500091553,
          "height": 0.1712409257888794,
          "score": null
        },
        "key_signature": "D_MAJOR",
        "clefs": [
          "TREBLE",
          "TREBLE",
          "BASS"
        ]
      },
      {
        "bbox": {
          "left": 0.7743065357208252,
          "top": 0.7563556432723999,
          "width": 0.19445741176605225,
          "height": 0.1737273931503296,
          "score": null
        },
        "key_signature": "D_MAJOR",
        "clefs": [
          "TREBLE",
          "TREBLE",
          "BASS"
        ]
      }
    ],
    "num_staves": null
  },
  {
    "measures": [
      {
        "bbox": {
          "left": 0.01835303008556366,
          "top": 0.04066607728600502,
          "width": 0.26248036324977875,
          "height": 0.17300156876444817,
          "score": null
        },
        "key_signature": "D_MAJOR",
        "clefs": [
          "TREBLE",
          "TREBLE",
          "BASS"
        ]
      },
      {
        "bbox": {
          "left": 0.25767478346824646,
          "top": 0.04020536690950394,
          "width": 0.19456207752227783,
          "height": 0.17151736468076706,
          "score": null
        },
        "key_signature": "D_MAJOR",
        "clefs": [
          "TREBLE",
          "TREBLE",
          "BASS"
        ]
      },
      {
        "bbox": {
          "left": 0.4293106198310852,
          "top": 0.04284600913524628,
          "width": 0.20167839527130127,
          "height": 0.16804149746894836,
          "score": null
        },
        "key_signature": "D_MAJOR",
        "clefs": [
          "TREBLE",
          "TREBLE",
          "BASS"
        ]
      },
      {
        "bbox": {
          "left": 0.6057495474815369,
          "top": 0.04335859790444374,
          "width": 0.1964237093925476,
          "height": 0.16667559370398521,
          "score": null
        },
        "key_signature": "D_MAJOR",
        "clefs": [
          "TREBLE",
          "TREBLE",
          "BASS"
        ]
      },
      {
        "bbox": {
          "left": 0.7777001857757568,
          "top": 0.043364930897951126,
          "width": 0.20109421014785767,
          "height": 0.16857243701815605,
          "score": null
        },
        "key_signature": "D_MAJOR",
        "clefs": [
          "TREBLE",
          "TREBLE",
          "BASS"
        ]
      },
      {
        "bbox": {
          "left": 0.01658373512327671,
          "top": 0.21899105608463287,
          "width": 0.2604974266141653,
          "height": 0.17135415971279144,
          "score": null
        },
        "key_signature": "D_MAJOR",
        "clefs": [
          "TREBLE",
          "TREBLE",
          "BASS"
        ]
      },
      {
        "bbox": {
          "left": 0.256766140460968,
          "top": 0.2193438559770584,
          "width": 0.1864522397518158,
          "height": 0.16924388706684113,
          "score": null
        },
        "key_signature": "D_MAJOR",
        "clefs": [
          "TREBLE",
          "TREBLE",
          "BASS"
        ]
      },
      {
        "bbox": {
          "left": 0.4248145520687103,
          "top": 0.22132937610149384,
          "width": 0.2120872437953949,
          "height": 0.17274416983127594,
          "score": null
        },
        "key_signature": "D_MAJOR",
        "clefs": [
          "TREBLE",
          "TREBLE",
          "BASS"
        ]
      },
      {
        "bbox": {
          "left": 0.6164392828941345,
          "top": 0.2179226130247116,
          "width": 0.2016761302947998,
          "height": 0.18000765144824982,
          "score": null
        },
        "key_signature": "D_MAJOR",
        "clefs": [
          "TREBLE",
          "TREBLE",
          "BASS"
        ]
      },
      {
        "bbox": {
          "left": 0.794514000415802,
          "top": 0.21914178133010864,
          "width": 0.18250995874404907,
          "height": 0.17846369743347168,
          "score": null
        },
        "key_signature": "D_MAJOR",
        "clefs": [
          "TREBLE",
          "TREBLE",
          "BASS"
        ]
      },
      {
        "bbox": {
          "left": 0.013403549790382385,
          "top": 0.39100614190101624,
          "width": 0.24743424355983734,
          "height": 0.16481664776802063,
          "score": null
        },
        "key_signature": "D_MAJOR",
        "clefs": [
          "TREBLE",
          "TREBLE",
          "BASS"
        ]
      },
      {
        "bbox": {
          "left": 0.23887914419174194,
          "top": 0.3896051049232483,
          "width": 0.19947203993797302,
          "height": 0.1654139757156372,
          "score": null
        },
        "key_signature": "D_MAJOR",
        "clefs": [
          "TREBLE",
          "TREBLE",
          "BASS"
        ]
      },
      {
        "bbox": {
          "left": 0.41732698678970337,
          "top": 0.3942588269710541,
          "width": 0.20195770263671875,
          "height": 0.16010186076164246,
          "score": null
        },
        "key_signature": "D_MAJOR",
        "clefs": [
          "TREBLE",
          "TREBLE",
          "BASS"
        ]
      },
      {
        "bbox": {
          "left": 0.6008670330047607,
          "top": 0.3932826817035675,
          "width": 0.19858896732330322,
          "height": 0.1625376045703888,
          "score": null
        },
        "key_signature": "D_MAJOR",
        "clefs": [
          "TREBLE",
          "TREBLE",
          "BASS"
        ]
      },
      {
        "bbox": {
          "left": 0.7763392329216003,
          "top": 0.39763060212135315,
          "width": 0.193983793258667,
          "height": 0.15321621298789978,
          "score": null
        },
        "key_signature": "D_MAJOR",
        "clefs": [
          "TREBLE",
          "TREBLE",
          "BASS"
        ]
      },
      {
        "bbox": {
          "left": 0.018839161843061447,
          "top": 0.5582047700881958,
          "width": 0.2659083195030689,
          "height": 0.1671072244644165,
          "score": null
        },
        "key_signature": "D_MAJOR",
        "clefs": [
          "TREBLE",
          "TREBLE",
          "BASS"
        ]
      },
      {
        "bbox": {
          "left": 0.26791489124298096,
          "top": 0.5580332279205322,
          "width": 0.2026400864124298,
          "height": 0.16158157587051392,
          "score": null
        },
        "key_signature": "D_MAJOR",
        "clefs": [
          "TREBLE",
          "TREBLE",
          "BASS"
        ]
      },
      {
        "bbox": {
          "left": 0.4521265923976898,
          "top": 0.5586772561073303,
          "width": 0.17979153990745544,
          "height": 0.16295182704925537,
          "score": null
        },
        "key_signature": "D_MAJOR",
        "clefs": [
          "TREBLE",
          "TREBLE",
          "BASS"
        ]
      },
      {
        "bbox": {
          "left": 0.6109375357627869,
          "top": 0.5586927533149719,
          "width": 0.17641770839691162,
          "height": 0.15669429302215576,
          "score": null
        },
        "key_signature": "D_MAJOR",
        "clefs": [
          "TREBLE",
          "TREBLE",
          "BASS"
        ]
      },
      {
        "bbox": {
          "left": 0.7636687755584717,
          "top": 0.554771363735199,
          "width": 0.20824706554412842,
          "height": 0.1645525097846985,
          "score": null
        },
        "key_signature": "D_MAJOR",
        "clefs": [
          "TREBLE",
          "TREBLE",
          "BASS"
        ]
      },
      {
        "bbox": {
          "left": 0.012082990258932114,
          "top": 0.7340109944343567,
          "width": 0.2855660356581211,
          "height": 0.20930153131484985,
          "score": null
        },
        "key_signature": "D_MAJOR",
        "clefs": [
          "TREBLE",
          "TREBLE",
          "BASS"
        ]
      },
      {
        "bbox": {
          "left": 0.2775382399559021,
          "top": 0.7323853373527527,
          "width": 0.20637020468711853,
          "height": 0.21096569299697876,
          "score": null
        },
        "key_signature": "D_MAJOR",
        "clefs": [
          "TREBLE",
          "TREBLE",
          "BASS"
        ]
      },
      {
        "bbox": {
          "left": 0.4645746350288391,
          "top": 0.7278203964233398,
          "width": 0.20666873455047607,
          "height": 0.21561199426651,
          "score": null
        },
        "key_signature": "D_MAJOR",
        "clefs": [
          "TREBLE",
          "TREBLE",
          "BASS"
        ]
      },
      {
        "bbox": {
          "left": 0.6484323740005493,
          "top": 0.7297714948654175,
          "width": 0.16784149408340454,
          "height": 0.21271812915802002,
          "score": null
        },
        "key_signature": "D_MAJOR",
        "clefs": [
          "TREBLE",
          "TREBLE",
          "BASS"
        ]
      },
      {
        "bbox": {
          "left": 0.7910672426223755,
          "top": 0.7282953858375549,
          "width": 0.18436503410339355,
          "height": 0.21438336372375488,
          "score": null
        },
        "key_signature": "D_MAJOR",
        "clefs": [
          "TREBLE",
          "TREBLE",
          "BASS"
        ]
      }
    ],
    "num_staves": null
  }
]