[
  {
    "measures": [
      {
        "bbox": {
          "left": 0.10463084280490875,
          "top": 0.09344038367271423,
          "width": 0.25320108234882355,
          "height": 0.13055847585201263,
          "score": null
        },
        "key_signature": "A_FLAT_MAJOR",
        "clefs": [
          "TREBLE",
          "TREBLE"
        ]
      },
      {
        "bbox": {
          "left": 0.34399574995040894,
          "top": 0.0953543409705162,
          "width": 0.16321325302124023,
          "height": 0.12734249979257584,
          "score": null
        },
        "key_signature": "A_FLAT_MAJOR",
        "clefs": [
          "TREBLE",
          "TREBLE"
        ]
      },
      {
        "bbox": {
          "left": 0.488389253616333,
          "top": 0.09271542727947235,
          "width": 0.19957375526428223,
          "height": 0.1313209980726242,
          "score": null
        },
        "key_signature": "A_FLAT_MAJOR",
        "clefs": [
          "TREBLE",
          "TREBLE"
        ]
      },
      {
        "bbox": {
          "left": 0.6734600067138672,
          "top": 0.09761494398117065,
          "width": 0.12953805923461914,
          "height": 0.12597475945949554,
          "score": null
        },
        "key_signature": "A_FLAT_MAJOR",
        "clefs": [
          "TREBLE",
          "BASS"
        ]
      },
      {
        "bbox": {
          "left": 0.7907235622406006,
          "top": 0.0956357941031456,
          "width": 0.1605890393257141,
          "height": 0.13041935116052628,
          "score": null
        },
        "key_signature": "A_FLAT_MAJOR",
        "clefs": [
          "TREBLE",
          "BASS"
        ]
      },
      {
        "bbox": {
          "left": 0.02935255691409111,
          "top": 0.22447437047958374,
          "width": 0.24378379061818123,
          "height": 0.13017097115516663,
          "score": null
        },
        "key_signature": "A_FLAT_MAJOR",
        "clefs": [
          "TREBLE",
          "BASS"
        ]
      },
      {
        "bbox": {
          "left": 0.257575124502182,
          "top": 0.22336998581886292,
          "width": 0.1731334924697876,
          "height": 0.12941661477088928,
          "score": null
        },
        "key_signature": "A_FLAT_MAJOR",
        "clefs": [
          "TREBLE",
          "BASS"
        ]
      },
      {
        "bbox": {
          "left": 0.4148692488670349,
          "top": 0.2250564694404602,
          "width": 0.18481230735778809,
          "height": 0.1324658989906311,
          "score": null
        },
        "key_signature": "A_FLAT_MAJOR",
        "clefs": [
          "TREBLE",
          "BASS"
        ]
      },
      {
        "bbox": {
          "left": 0.5797153115272522,
          "top": 0.22345830500125885,
          "width": 0.20799517631530762,
          "height": 0.13240118324756622,
          "score": null
        },
        "key_signature": "A_FLAT_MAJOR",
        "clefs": [
          "TREBLE",
          "BASS"
        ]
      },
      {
        "bbox": {
          "left": 0.7665565013885498,
          "top": 0.22502124309539795,
          "width": 0.18640339374542236,
          "height": 0.13452959060668945,
          "score": null
        },
        "key_signature": "A_FLAT_MAJOR",
        "clefs": [
          "TREBLE",
          "BASS"
        ]
      },
      {
        "bbox": {
          "left": 0.037324436008930206,
          "top": 0.3527352511882782,
          "width": 0.3967878147959709,
          "height": 0.1325533092021942,
          "score": null
        },
        "key_signature": "A_FLAT_MAJOR",
        "clefs": [
          "TREBLE",
          "BASS"
        ]
      },
      {
        "bbox": {
          "left": 0.4128924608230591,
          "top": 0.3547079861164093,
          "width": 0.20797955989837646,
          "height": 0.13116130232810974,
          "score": null
        },
        "key_signature": "A_FLAT_MAJOR",
        "clefs": [
          "TREBLE",
          "TREBLE"
        ]
      },
      {
        "bbox": {
          "left": 0.6033199429512024,
          "top": 0.3584074378013611,
          "width": 0.19644850492477417,
          "height": 0.12756037712097168,
          "score": null
        },
        "key_signature": "A_FLAT_MAJOR",
        "clefs": [
          "TREBLE",
          "TREBLE"
        ]
      },
      {
        "bbox": {
          "left": 0.7821834087371826,
          "top": 0.35624200105667114,
          "width": 0.16605526208877563,
          "height": 0.1334150731563568,
          "score": null
        },
        "key_signature": "A_FLAT_MAJOR",
        "clefs": [
          "TREBLE",
          "TREBLE"
        ]
      },
      {
        "bbox": {
          "left": 0.037019792944192886,
          "top": 0.48745197057724,
          "width": 0.3026708625257015,
          "height": 0.15555882453918457,
          "score": null
        },
        "key_signature": "A_FLAT_MAJOR",
        "clefs": [
          "TREBLE",
          "BASS"
        ]
      },
      {
        "bbox": {
          "left": 0.3185722529888153,
          "top": 0.48750755190849304,
          "width": 0.1808643639087677,
          "height": 0.1525186002254486,
          "score": null
        },
        "key_signature": "A_FLAT_MAJOR",
        "clefs": [
          "TREBLE",
          "BASS"
        ]
      },
      {
        "bbox": {
          "left": 0.4824178218841553,
          "top": 0.4905352294445038,
          "width": 0.29876309633255005,
          "height": 0.15111616253852844,
          "score": null
        },
        "key_signature": "A_FLAT_MAJOR",
        "clefs": [
          "TREBLE",
          "BASS"
        ]
      },
      {
        "bbox": {
          "left": 0.7612711787223816,
          "top": 0.4902651011943817,
          "width": 0.1953827142715454,
          "height": 0.15043506026268005,
          "score": null
        },
        "key_signature": "A_FLAT_MAJOR",
        "clefs": [
          "TREBLE",
          "BASS"
        ]
      },
      {
        "bbox": {
          "left": 0.039089955389499664,
          "top": 0.6406599283218384,
          "width": 0.3806144520640373,
          "height": 0.15626782178878784,
          "score": null
        },
        "key_signature": "A_FLAT_MAJOR",
        "clefs": [
          "TREBLE",
          "BASS"
        ]
      },
      {
        "bbox": {
          "left": 0.39529693126678467,
          "top": 0.6451944708824158,
          "width": 0.29826080799102783,
          "height": 0.15169250965118408,
          "score": null
        },
        "key_signature": "A_FLAT_MAJOR",
        "clefs": [
          "TREBLE",
          "BASS"
        ]
      },
      {
        "bbox": {
          "left": 0.680608868598938,
          "top": 0.6448898315429688,
          "width": 0.2671644687652588,
          "height": 0.15543121099472046,
          "score": null
        },
        "key_signature": "A_FLAT_MAJOR",
        "clefs": [
          "TREBLE",
          "BASS"
        ]
      },
      {
        "bbox": {
          "left": 0.03602195903658867,
          "top": 0.7972763180732727,
          "width": 0.319357980042696,
          "height": 0.15028482675552368,
          "score": null
        },
        "key_signature": "A_FLAT_MAJOR",
        "clefs": [
          "TREBLE",
          "BASS"
        ]
      },
      {
        "bbox": {
          "left": 0.3321503698825836,
          "top": 0.7960672378540039,
          "width": 0.24440482258796692,
          "height": 0.14821279048919678,
          "score": null
        },
        "key_signature": "A_FLAT_MAJOR",
        "clefs": [
          "TREBLE",
          "BASS"
        ]
      },
      {
        "bbox": {
          "left": 0.5513050556182861,
          "top": 0.7970548868179321,
          "width": 0.2123481035232544,
          "height": 0.1455879807472229,
          "score": null
        },
        "key_signature": "A_FLAT_MAJOR",
        "clefs": [
          "TREBLE",
          "TREBLE"
        ]
      },
      {
        "bbox": {
          "left": 0.7425699830055237,
          "top": 0.800391435623169,
          "width": 0.21299594640731812,
          "height": 0.13858550786972046,
          "score": null
        },
        "key_signature": "A_FLAT_MAJOR",
        "clefs": [
          "TREBLE",
          "BASS"
        ]
      }
    ],
    "num_staves": null
  },
  {
    "measures": [
      {
        "bbox": {
          "left": 0.04039648920297623,
          "top": 0.06017347052693367,
          "width": 0.384836308658123,
          "height": 0.14111753925681114,
          "score": null
        },
        "key_signature": "A_FLAT_MAJOR",
        "clefs": [
          "TREBLE",
          "BASS"
        ]
      },
      {
        "bbox": {
          "left": 0.38886380195617676,
          "top": 0.052102912217378616,
          "width": 0.26515889167785645,
          "height": 0.1467777006328106,
          "score": null
        },
        "key_signature": "A_FLAT_MAJOR",
        "clefs": [
          "TREBLE",
          "BASS"
        ]
      },
      {
        "bbox": {
          "left": 0.6306638121604919,
          "top": 0.04398133605718613,
          "width": 0.3205041289329529,
          "height": 0.15550390630960464,
          "score": null
        },
        "key_signature": "A_FLAT_MAJOR",
        "clefs": [
          "TREBLE",
          "BASS"
        ]
      },
      {
        "bbox": {
          "left": 0.02880035527050495,
          "top": 0.20671185851097107,
          "width": 0.36641974560916424,
          "height": 0.16136378049850464,
          "score": null
        },
        "key_signature": "A_FLAT_MAJOR",
        "clefs": [
          "TREBLE",
          "BASS"
        ]
      },
      {
        "bbox": {
          "left": 0.3780401051044464,
          "top": 0.2035388946533203,
          "width": 0.2800850570201874,
          "height": 0.1635095179080963,
          "score": null
        },
        "key_signature": "A_FLAT_MAJOR",
        "clefs": [
          "TREBLE",
          "BASS"
        ]
      },
      {
        "bbox": {
          "left": 0.6404244899749756,
          "top": 0.19686907529830933,
          "width": 0.30863964557647705,
          "height": 0.17579936981201172,
          "score": null
        },
        "key_signature": "A_FLAT_MAJOR",
        "clefs": [
          "TREBLE",
          "BASS"
        ]
      },
      {
        "bbox": {
          "left": 0.04027196392416954,
          "top": 0.37401872873306274,
          "width": 0.38975465670228004,
          "height": 0.13963431119918823,
          "score": null
        },
        "key_signature": "A_FLAT_MAJOR",
        "clefs": [
          "TREBLE",
          "BASS"
        ]
      },
      {
        "bbox": {
          "left": 0.40406492352485657,
          "top": 0.3743324279785156,
          "width": 0.19587484002113342,
          "height": 0.14229780435562134,
          "score": null
        },
        "key_signature": "A_FLAT_MAJOR",
        "clefs": [
          "TREBLE",
          "BASS"
        ]
      },
      {
        "bbox": {
          "left": 0.5844379663467407,
          "top": 0.3701590895652771,
          "width": 0.1897190809249878,
          "height": 0.15407437086105347,
          "score": null
        },
        "key_signature": "A_FLAT_MAJOR",
        "clefs": [
          "TREBLE",
          "BASS"
        ]
      },
      {
        "bbox": {
          "left": 0.7570231556892395,
          "top": 0.3716345429420471,
          "width": 0.1963391900062561,
          "height": 0.14860528707504272,
          "score": null
        },
        "key_signature": "A_FLAT_MAJOR",
        "clefs": [
          "TREBLE",
          "BASS"
        ]
      },
      {
        "bbox": {
          "left": 0.03639836609363556,
          "top": 0.5221896171569824,
          "width": 0.3047017902135849,
          "height": 0.1355578899383545,
          "score": null
        },
        "key_signature": "A_FLAT_MAJOR",
        "clefs": [
          "TREBLE",
          "BASS"
        ]
      },
      {
        "bbox": {
          "left": 0.3183121979236603,
          "top": 0.5221154093742371,
          "width": 0.20579519867897034,
          "height": 0.13830500841140747,
          "score": null
        },
        "key_signature": "A_FLAT_MAJOR",
        "clefs": [
          "TREBLE",
          "BASS"
        ]
      },
      {
        "bbox": {
          "left": 0.5066532492637634,
          "top": 0.5183653235435486,
          "width": 0.24119281768798828,
          "height": 0.1404152512550354,
          "score": null
        },
        "key_signature": "A_FLAT_MAJOR",
        "clefs": [
          "TREBLE",
          "BASS"
        ]
      },
      {
        "bbox": {
          "left": 0.7263038754463196,
          "top": 0.5197209715843201,
          "width": 0.22947829961776733,
          "height": 0.13930004835128784,
          "score": null
        },
        "key_signature": "A_FLAT_MAJOR",
        "clefs": [
          "TREBLE",
          "BASS"
        ]
      },
      {
        "bbox": {
          "left": 0.03961750119924545,
          "top": 0.6592811942100525,
          "width": 0.32447511702775955,
          "height": 0.15466582775115967,
          "score": null
        },
        "key_signature": "A_FLAT_MAJOR",
        "clefs": [
          "TREBLE",
          "BASS"
        ]
      },
      {
        "bbox": {
          "left": 0.3429393768310547,
          "top": 0.6597493886947632,
          "width": 0.307208776473999,
          "height": 0.15375947952270508,
          "score": null
        },
        "key_signature": "A_FLAT_MAJOR",
        "clefs": [
          "TREBLE",
          "BASS"
        ]
      },
      {
        "bbox": {
          "left": 0.627216100692749,
          "top": 0.662743330001831,
          "width": 0.32516855001449585,
          "height": 0.1516188383102417,
          "score": null
        },
        "key_signature": "A_FLAT_MAJOR",
        "clefs": [
          "TREBLE",
          "BASS"
        ]
      },
      {
        "bbox": {
          "left": 0.02050596848130226,
          "top": 0.8119840025901794,
          "width": 0.3661559782922268,
          "height": 0.14227294921875,
          "score": null
        },
        "key_signature": "A_FLAT_MAJOR",
        "clefs": [
          "TREBLE",
          "BASS"
        ]
      },
      {
        "bbox": {
          "left": 0.35760828852653503,
          "top": 0.806851327419281,
          "width": 0.2787143886089325,
          "height": 0.14284181594848633,
          "score": null
        },
        "key_signature": "A_FLAT_MAJOR",
        "clefs": [
          "TREBLE",
          "BASS"
        ]
      },
      {
        "bbox": {
          "left": 0.6130784153938293,
          "top": 0.8132253289222717,
          "width": 0.3440282344818115,
          "height": 0.14411765336990356,
          "score": null
        },
        "key_signature": "A_FLAT_MAJOR",
        "clefs": [
          "TREBLE",
          "BASS"
        ]
      }
    ],
    "num_staves": null
  },
  {
    "measures": [
      {
        "bbox": {
          "left": 0.041407447308301926,
          "top": 0.040605463087558746,
          "width": 0.3916747458279133,
          "height": 0.14049700647592545,
          "score": null
        },
        "key_signature": "A_FLAT_MAJOR",
        "clefs": [
          "TREBLE",
          "BASS"
        ]
      },
      {
        "bbox": {
          "left": 0.4071696996688843,
          "top": 0.04120178520679474,
          "width": 0.272064745426178,
          "height": 0.14127707481384277,
          "score": null
        },
        "key_signature": "A_FLAT_MAJOR",
        "clefs": [
          "TREBLE",
          "BASS"
        ]
      },
      {
        "bbox": {
          "left": 0.6569389700889587,
          "top": 0.040135618299245834,
          "width": 0.2928183078765869,
          "height": 0.14317933097481728,
          "score": null
        },
        "key_signature": "A_FLAT_MAJOR",
        "clefs": [
          "TREBLE",
          "BASS"
        ]
      },
      {
        "bbox": {
          "left": 0.03991605341434479,
          "top": 0.18060481548309326,
          "width": 0.33802156150341034,
          "height": 0.1456204056739807,
          "score": null
        },
        "key_signature": "A_FLAT_MAJOR",
        "clefs": [
          "TREBLE",
          "BASS"
        ]
      },
      {
        "bbox": {
          "left": 0.3596222400665283,
          "top": 0.1817019134759903,
          "width": 0.2536991834640503,
          "height": 0.15154658257961273,
          "score": null
        },
        "key_signature": "A_FLAT_MAJOR",
        "clefs": [
          "TREBLE",
          "BASS"
        ]
      },
      {
        "bbox": {
          "left": 0.5956981778144836,
          "top": 0.1844930648803711,
          "width": 0.22960883378982544,
          "height": 0.14440518617630005,
          "score": null
        },
        "key_signature": "A_FLAT_MAJOR",
        "clefs": [
          "TREBLE",
          "BASS"
        ]
      },
      {
        "bbox": {
          "left": 0.80674809217453,
          "top": 0.18587501347064972,
          "width": 0.1423732042312622,
          "height": 0.14521904289722443,
          "score": null
        },
        "key_signature": "A_FLAT_MAJOR",
        "clefs": [
          "TREBLE",
          "BASS"
        ]
      },
      {
        "bbox": {
          "left": 0.02756650373339653,
          "top": 0.3254348635673523,
          "width": 0.34350939467549324,
          "height": 0.14395630359649658,
          "score": null
        },
        "key_signature": "A_FLAT_MAJOR",
        "clefs": [
          "TREBLE",
          "BASS"
        ]
      },
      {
        "bbox": {
          "left": 0.35872387886047363,
          "top": 0.3209858238697052,
          "width": 0.29950588941574097,
          "height": 0.14852690696716309,
          "score": null
        },
        "key_signature": "A_FLAT_MAJOR",
        "clefs": [
          "TREBLE",
          "BASS"
        ]
      },
      {
        "bbox": {
          "left": 0.6411572098731995,
          "top": 0.32538843154907227,
          "width": 0.309212863445282,
          "height": 0.14862030744552612,
          "score": null
        },
        "key_signature": "A_FLAT_MAJOR",
        "clefs": [
          "TREBLE",
          "BASS"
        ]
      },
      {
        "bbox": {
          "left": 0.03509066253900528,
          "top": 0.4745166003704071,
          "width": 0.37488653510808945,
          "height": 0.14428958296775818,
          "score": null
        },
        "key_signature": "A_FLAT_MAJOR",
        "clefs": [
          "TREBLE",
          "BASS"
        ]
      },
      {
        "bbox": {
          "left": 0.3851453363895416,
          "top": 0.47493669390678406,
          "width": 0.30040040612220764,
          "height": 0.14945366978645325,
          "score": null
        },
        "key_signature": "A_FLAT_MAJOR",
        "clefs": [
          "TREBLE",
          "BASS"
        ]
      },
      {
        "bbox": {
          "left": 0.6705620884895325,
          "top": 0.46746906638145447,
          "width": 0.28014206886291504,
          "height": 0.17037156224250793,
          "score": null
        },
        "key_signature": "A_FLAT_MAJOR",
        "clefs": [
          "TREBLE",
          "BASS"
        ]
      },
      {
        "bbox": {
          "left": 0.04087567701935768,
          "top": 0.6213462948799133,
          "width": 0.35830282792449,
          "height": 0.16144835948944092,
          "score": null
        },
        "key_signature": "A_FLAT_MAJOR",
        "clefs": [
          "TREBLE",
          "BASS"
        ]
      },
      {
        "bbox": {
          "left": 0.38390588760375977,
          "top": 0.6238691806793213,
          "width": 0.3046379089355469,
          "height": 0.1492747664451599,
          "score": null
        },
        "key_signature": "A_FLAT_MAJOR",
        "clefs": [
          "TREBLE",
          "BASS"
        ]
      },
      {
        "bbox": {
          "left": 0.6677091121673584,
          "top": 0.6323627829551697,
          "width": 0.2849418520927429,
          "height": 0.14051693677902222,
          "score": null
        },
        "key_signature": "A_FLAT_MAJOR",
        "clefs": [
          "TREBLE",
          "BASS"
        ]
      },
      {
        "bbox": {
          "left": 0.034827206283807755,
          "top": 0.7891716361045837,
          "width": 0.4041410945355892,
          "height": 0.15301400423049927,
          "score": null
        },
        "key_signature": "A_FLAT_MAJOR",
        "clefs": [
          "TREBLE",
          "BASS"
        ]
      },
      {
        "bbox": {
          "left": 0.41632840037345886,
          "top": 0.785953164100647,
          "width": 0.3134595453739166,
          "height": 0.15537971258163452,
          "score": null
        },
        "key_signature": "A_FLAT_MAJOR",
        "clefs": [
          "TREBLE",
          "BASS"
        ]
      },
      {
        "bbox": {
          "left": 0.7116926312446594,
          "top": 0.7770444750785828,
          "width": 0.2339794635772705,
          "height": 0.16998189687728882,
          "score": null
        },
        "key_signature": "A_FLAT_MAJOR",
        "clefs": [
          "TREBLE",
          "BASS"
        ]
      }
    ],
    "num_staves": null
  }
]