[
  {
    "measures": [
      {
        "bbox": {
          "left": 0.10637729614973068,
          "top": 0.16297940909862518,
          "width": 0.2818140462040901,
          "height": 0.16490207612514496,
          "score": null
        },
        "key_signature": "F_MAJOR",
        "clefs": [
          "TREBLE",
          "BASS"
        ]
      },
      {
        "bbox": {
          "left": 0.36690881848335266,
          "top": 0.16662852466106415,
          "width": 0.21729972958564758,
          "height": 0.16047118604183197,
          "score": null
        },
        "key_signature": "F_MAJOR",
        "clefs": [
          "TREBLE",
          "BASS"
        ]
      },
      {
        "bbox": {
          "left": 0.5587598085403442,
          "top": 0.1738380491733551,
          "width": 0.20771509408950806,
          "height": 0.1515335738658905,
          "score": null
        },
        "key_signature": "F_MAJOR",
        "clefs": [
          "TREBLE",
          "BASS"
        ]
      },
      {
        "bbox": {
          "left": 0.7429471015930176,
          "top": 0.1723238080739975,
          "width": 0.20705914497375488,
          "height": 0.15618012845516205,
          "score": null
        },
        "key_signature": "F_MAJOR",
        "clefs": [
          "TREBLE",
          "BASS"
        ]
      },
      {
        "bbox": {
          "left": 0.06360276788473129,
          "top": 0.33530232310295105,
          "width": 0.26443154364824295,
          "height": 0.1458684802055359,
          "score": null
        },
        "key_signature": "F_MAJOR",
        "clefs": [
          "TREBLE",
          "BASS"
        ]
      },
      {
        "bbox": {
          "left": 0.30410709977149963,
          "top": 0.3320687413215637,
          "width": 0.17650416493415833,
          "height": 0.1461278200149536,
          "score": null
        },
        "key_signature": "F_MAJOR",
        "clefs": [
          "TREBLE",
          "BASS"
        ]
      },
      {
        "bbox": {
          "left": 0.46254029870033264,
          "top": 0.3349868953227997,
          "width": 0.17558392882347107,
          "height": 0.14034292101860046,
          "score": null
        },
        "key_signature": "F_MAJOR",
        "clefs": [
          "TREBLE",
          "BASS"
        ]
      },
      {
        "bbox": {
          "left": 0.617428719997406,
          "top": 0.3323293626308441,
          "width": 0.16292792558670044,
          "height": 0.14194241166114807,
          "score": null
        },
        "key_signature": "F_MAJOR",
        "clefs": [
          "TREBLE",
          "BASS"
        ]
      },
      {
        "bbox": {
          "left": 0.757994532585144,
          "top": 0.3299528658390045,
          "width": 0.18680816888809204,
          "height": 0.15073448419570923,
          "score": null
        },
        "key_signature": "F_MAJOR",
        "clefs": [
          "TREBLE",
          "BASS"
        ]
      },
      {
        "bbox": {
          "left": 0.05959053337574005,
          "top": 0.48285266757011414,
          "width": 0.2668885439634323,
          "height": 0.15020743012428284,
          "score": null
        },
        "key_signature": "F_MAJOR",
        "clefs": [
          "TREBLE",
          "BASS"
        ]
      },
      {
        "bbox": {
          "left": 0.3003096580505371,
          "top": 0.4800940752029419,
          "width": 0.18630734086036682,
          "height": 0.15370959043502808,
          "score": null
        },
        "key_signature": "F_MAJOR",
        "clefs": [
          "TREBLE",
          "BASS"
        ]
      },
      {
        "bbox": {
          "left": 0.4625680148601532,
          "top": 0.4782975912094116,
          "width": 0.1894022524356842,
          "height": 0.15864700078964233,
          "score": null
        },
        "key_signature": "F_MAJOR",
        "clefs": [
          "TREBLE",
          "BASS"
        ]
      },
      {
        "bbox": {
          "left": 0.6287900805473328,
          "top": 0.4752679467201233,
          "width": 0.16886091232299805,
          "height": 0.16352486610412598,
          "score": null
        },
        "key_signature": "F_MAJOR",
        "clefs": [
          "TREBLE",
          "BASS"
        ]
      },
      {
        "bbox": {
          "left": 0.776102602481842,
          "top": 0.4797683656215668,
          "width": 0.1680580973625183,
          "height": 0.16068801283836365,
          "score": null
        },
        "key_signature": "F_MAJOR",
        "clefs": [
          "TREBLE",
          "BASS"
        ]
      },
      {
        "bbox": {
          "left": 0.06250614672899246,
          "top": 0.6416969299316406,
          "width": 0.2396615669131279,
          "height": 0.1541811227798462,
          "score": null
        },
        "key_signature": "F_MAJOR",
        "clefs": [
          "TREBLE",
          "BASS"
        ]
      },
      {
        "bbox": {
          "left": 0.2806292176246643,
          "top": 0.6407133340835571,
          "width": 0.18808087706565857,
          "height": 0.15367645025253296,
          "score": null
        },
        "key_signature": "F_MAJOR",
        "clefs": [
          "TREBLE",
          "BASS"
        ]
      },
      {
        "bbox": {
          "left": 0.4496982991695404,
          "top": 0.6431894898414612,
          "width": 0.16802093386650085,
          "height": 0.1501295566558838,
          "score": null
        },
        "key_signature": "F_MAJOR",
        "clefs": [
          "TREBLE",
          "BASS"
        ]
      },
      {
        "bbox": {
          "left": 0.5990630984306335,
          "top": 0.6430624723434448,
          "width": 0.1599804162979126,
          "height": 0.1501142978668213,
          "score": null
        },
        "key_signature": "F_MAJOR",
        "clefs": [
          "TREBLE",
          "BASS"
        ]
      },
      {
        "bbox": {
          "left": 0.7414889931678772,
          "top": 0.6475808620452881,
          "width": 0.15889990329742432,
          "height": 0.14428222179412842,
          "score": null
        },
        "key_signature": "F_MAJOR",
        "clefs": [
          "TREBLE",
          "BASS"
        ]
      },
      {
        "bbox": {
          "left": 0.06398646533489227,
          "top": 0.797288715839386,
          "width": 0.2534629851579666,
          "height": 0.14977407455444336,
          "score": null
        },
        "key_signature": "D_MAJOR",
        "clefs": [
          "TREBLE",
          "BASS"
        ]
      },
      {
        "bbox": {
          "left": 0.3026934564113617,
          "top": 0.7966099977493286,
          "width": 0.15936914086341858,
          "height": 0.14730709791183472,
          "score": null
        },
        "key_signature": "D_MAJOR",
        "clefs": [
          "TREBLE",
          "BASS"
        ]
      },
      {
        "bbox": {
          "left": 0.438896507024765,
          "top": 0.7912418246269226,
          "width": 0.17823514342308044,
          "height": 0.15167802572250366,
          "score": null
        },
        "key_signature": "D_MAJOR",
        "clefs": [
          "TREBLE",
          "BASS"
        ]
      },
      {
        "bbox": {
          "left": 0.5968856811523438,
          "top": 0.7950584888458252,
          "width": 0.16027194261550903,
          "height": 0.14934349060058594,
          "score": null
        },
        "key_signature": "D_MAJOR",
        "clefs": [
          "TREBLE",
          "BASS"
        ]
      },
      {
        "bbox": {
          "left": 0.7418574094772339,
          "top": 0.7951745986938477,
          "width": 0.20392215251922607,
          "height": 0.1506672501564026,
          "score": null
        },
        "key_signature": "D_MAJOR",
        "clefs": [
          "TREBLE",
          "BASS"
        ]
      }
    ],
    "num_staves": null
  },
  {
    "measures": [
      {
        "bbox": {
          "left": 0.06004520505666733,
          "top": 0.03720714896917343,
          "width": 0.3568973019719124,
          "height": 0.15465881675481796,
          "score": null
        },
        "key_signature": "D_MAJOR",
        "clefs": [
          "TREBLE",
          "BASS"
        ]
      },
      {
        "bbox": {
          "left": 0.38407912850379944,
          "top": 0.035596366971731186,
          "width": 0.236861914396286,
          "height": 0.15881941094994545,
          "score": null
        },
        "key_signature": "D_MAJOR",
        "clefs": [
          "TREBLE",
          "BASS"
        ]
      },
      {
        "bbox": {
          "left": 0.5901007056236267,
          "top": 0.03155728802084923,
          "width": 0.1829325556755066,
          "height": 0.16412754729390144,
          "score": null
        },
        "key_signature": "D_MAJOR",
        "clefs": [
          "TREBLE",
          "BASS"
        ]
      },
      {
        "bbox": {
          "left": 0.7457891702651978,
          "top": 0.029839210212230682,
          "width": 0.19411420822143555,
          "height": 0.16341377049684525,
          "score": null
        },
        "key_signature": "D_MAJOR",
        "clefs": [
          "TREBLE",
          "BASS"
        ]
      },
      {
        "bbox": {
          "left": 0.05436406657099724,
          "top": 0.1985974907875061,
          "width": 0.2811112590134144,
          "height": 0.1683647334575653,
          "score": null
        },
        "key_signature": "D_MAJOR",
        "clefs": [
          "TREBLE",
          "BASS"
        ]
      },
      {
        "bbox": {
          "left": 0.3071759343147278,
          "top": 0.19789299368858337,
          "width": 0.2579895853996277,
          "height": 0.17055225372314453,
          "score": null
        },
        "key_signature": "D_MAJOR",
        "clefs": [
          "TREBLE",
          "BASS"
        ]
      },
      {
        "bbox": {
          "left": 0.5373783707618713,
          "top": 0.19837264716625214,
          "width": 0.2182481288909912,
          "height": 0.16877026855945587,
          "score": null
        },
        "key_signature": "D_MAJOR",
        "clefs": [
          "TREBLE",
          "BASS"
        ]
      },
      {
        "bbox": {
          "left": 0.7287458181381226,
          "top": 0.1978800892829895,
          "width": 0.21535170078277588,
          "height": 0.16823536157608032,
          "score": null
        },
        "key_signature": "D_MAJOR",
        "clefs": [
          "TREBLE",
          "BASS"
        ]
      },
      {
        "bbox": {
          "left": 0.05388830974698067,
          "top": 0.37207305431365967,
          "width": 0.3695153705775738,
          "height": 0.1613817811012268,
          "score": null
        },
        "key_signature": "F_MAJOR",
        "clefs": [
          "TREBLE",
          "TREBLE"
        ]
      },
      {
        "bbox": {
          "left": 0.3918173909187317,
          "top": 0.3692188858985901,
          "width": 0.1913522481918335,
          "height": 0.16360986232757568,
          "score": null
        },
        "key_signature": "F_MAJOR",
        "clefs": [
          "TREBLE",
          "BASS"
        ]
      },
      {
        "bbox": {
          "left": 0.5566353797912598,
          "top": 0.37167614698410034,
          "width": 0.19798147678375244,
          "height": 0.16553986072540283,
          "score": null
        },
        "key_signature": "F_MAJOR",
        "clefs": [
          "TREBLE",
          "BASS"
        ]
      },
      {
        "bbox": {
          "left": 0.7259368300437927,
          "top": 0.3738084137439728,
          "width": 0.22191405296325684,
          "height": 0.16106835007667542,
          "score": null
        },
        "key_signature": "F_MAJOR",
        "clefs": [
          "TREBLE",
          "BASS"
        ]
      },
      {
        "bbox": {
          "left": 0.05785876139998436,
          "top": 0.5469953417778015,
          "width": 0.27529827132821083,
          "height": 0.15198194980621338,
          "score": null
        },
        "key_signature": "F_MAJOR",
        "clefs": [
          "TREBLE",
          "BASS"
        ]
      },
      {
        "bbox": {
          "left": 0.30784526467323303,
          "top": 0.5427959561347961,
          "width": 0.1961933672428131,
          "height": 0.1582356095314026,
          "score": null
        },
        "key_signature": "F_MAJOR",
        "clefs": [
          "TREBLE",
          "BASS"
        ]
      },
      {
        "bbox": {
          "left": 0.48193565011024475,
          "top": 0.5481826663017273,
          "width": 0.17484983801841736,
          "height": 0.15320414304733276,
          "score": null
        },
        "key_signature": "F_MAJOR",
        "clefs": [
          "TREBLE",
          "BASS"
        ]
      },
      {
        "bbox": {
          "left": 0.6404519081115723,
          "top": 0.5447794198989868,
          "width": 0.16431081295013428,
          "height": 0.15482944250106812,
          "score": null
        },
        "key_signature": "F_MAJOR",
        "clefs": [
          "TREBLE",
          "BASS"
        ]
      },
      {
        "bbox": {
          "left": 0.7878620624542236,
          "top": 0.5441475510597229,
          "width": 0.15818458795547485,
          "height": 0.16305780410766602,
          "score": null
        },
        "key_signature": "F_MAJOR",
        "clefs": [
          "TREBLE",
          "BASS"
        ]
      },
      {
        "bbox": {
          "left": 0.06026134639978409,
          "top": 0.7115288972854614,
          "width": 0.32024412602186203,
          "height": 0.17251914739608765,
          "score": null
        },
        "key_signature": "F_MAJOR",
        "clefs": [
          "TREBLE",
          "BASS"
        ]
      },
      {
        "bbox": {
          "left": 0.359552264213562,
          "top": 0.7075356841087341,
          "width": 0.2334015965461731,
          "height": 0.1826832890510559,
          "score": null
        },
        "key_signature": "F_MAJOR",
        "clefs": [
          "TREBLE",
          "BASS"
        ]
      },
      {
        "bbox": {
          "left": 0.5722825527191162,
          "top": 0.7097610831260681,
          "width": 0.20350205898284912,
          "height": 0.18140429258346558,
          "score": null
        },
        "key_signature": "F_MAJOR",
        "clefs": [
          "BASS",
          "BASS"
        ]
      },
      {
        "bbox": {
          "left": 0.7508894801139832,
          "top": 0.7117363810539246,
          "width": 0.18994349241256714,
          "height": 0.18115967512130737,
          "score": null
        },
        "key_signature": "F_MAJOR",
        "clefs": [
          "BASS",
          "BASS"
        ]
      }
    ],
    "num_staves": null
  }
]