[
  {
    "measures": [
      {
        "bbox": {
          "left": 0.11528673022985458,
          "top": 0.33087995648384094,
          "width": 0.2479965165257454,
          "height": 0.13479158282279968,
          "score": null
        },
        "key_signature": "E_MAJOR",
        "clefs": [
          "TREBLE",
          "BASS"
        ]
      },
      {
        "bbox": {
          "left": 0.34444892406463623,
          "top": 0.33011287450790405,
          "width": 0.14141523838043213,
          "height": 0.13725605607032776,
          "score": null
        },
        "key_signature": "E_MAJOR",
        "clefs": [
          "TREBLE",
          "BASS"
        ]
      },
      {
        "bbox": {
          "left": 0.46638795733451843,
          "top": 0.3256928324699402,
          "width": 0.15789583325386047,
          "height": 0.1438475251197815,
          "score": null
        },
        "key_signature": "E_MAJOR",
        "clefs": [
          "TREBLE",
          "BASS"
        ]
      },
      {
        "bbox": {
          "left": 0.6055677533149719,
          "top": 0.3273501694202423,
          "width": 0.21014779806137085,
          "height": 0.14242687821388245,
          "score": null
        },
        "key_signature": "E_MAJOR",
        "clefs": [
          "TREBLE",
          "BASS"
        ]
      },
      {
        "bbox": {
          "left": 0.7934706807136536,
          "top": 0.3337947130203247,
          "width": 0.17128252983093262,
          "height": 0.13713183999061584,
          "score": null
        },
        "key_signature": "E_MAJOR",
        "clefs": [
          "TREBLE",
          "BASS"
        ]
      },
      {
        "bbox": {
          "left": 0.055402081459760666,
          "top": 0.4668959975242615,
          "width": 0.24477588012814522,
          "height": 0.12708330154418945,
          "score": null
        },
        "key_signature": "E_MAJOR",
        "clefs": [
          "TREBLE",
          "BASS"
        ]
      },
      {
        "bbox": {
          "left": 0.27963492274284363,
          "top": 0.46701130270957947,
          "width": 0.16136661171913147,
          "height": 0.12189313769340515,
          "score": null
        },
        "key_signature": "E_MAJOR",
        "clefs": [
          "TREBLE",
          "BASS"
        ]
      },
      {
        "bbox": {
          "left": 0.4256833493709564,
          "top": 0.4689595103263855,
          "width": 0.1972949206829071,
          "height": 0.12270498275756836,
          "score": null
        },
        "key_signature": "E_MAJOR",
        "clefs": [
          "TREBLE",
          "BASS"
        ]
      },
      {
        "bbox": {
          "left": 0.6133525967597961,
          "top": 0.46856144070625305,
          "width": 0.16544002294540405,
          "height": 0.12062045931816101,
          "score": null
        },
        "key_signature": "E_MAJOR",
        "clefs": [
          "TREBLE",
          "TREBLE"
        ]
      },
      {
        "bbox": {
          "left": 0.7644334435462952,
          "top": 0.4638252854347229,
          "width": 0.2053818702697754,
          "height": 0.12082898616790771,
          "score": null
        },
        "key_signature": "E_MAJOR",
        "clefs": [
          "TREBLE",
          "BASS"
        ]
      },
      {
        "bbox": {
          "left": 0.05770181119441986,
          "top": 0.5905908346176147,
          "width": 0.24497409164905548,
          "height": 0.12481927871704102,
          "score": null
        },
        "key_signature": "E_MAJOR",
        "clefs": [
          "TREBLE",
          "TREBLE"
        ]
      },
      {
        "bbox": {
          "left": 0.28655126690864563,
          "top": 0.5893253684043884,
          "width": 0.19058284163475037,
          "height": 0.11794477701187134,
          "score": null
        },
        "key_signature": "E_MAJOR",
        "clefs": [
          "TREBLE",
          "BASS"
        ]
      },
      {
        "bbox": {
          "left": 0.46128010749816895,
          "top": 0.5889302492141724,
          "width": 0.18296551704406738,
          "height": 0.12146943807601929,
          "score": null
        },
        "key_signature": "E_MAJOR",
        "clefs": [
          "TREBLE",
          "TREBLE"
        ]
      },
      {
        "bbox": {
          "left": 0.6259927749633789,
          "top": 0.5849812030792236,
          "width": 0.20276468992233276,
          "height": 0.12229233980178833,
          "score": null
        },
        "key_signature": "E_MAJOR",
        "clefs": [
          "TREBLE",
          "BASS"
        ]
      },
      {
        "bbox": {
          "left": 0.8143022060394287,
          "top": 0.5824165940284729,
          "width": 0.15574342012405396,
          "height": 0.13039946556091309,
          "score": null
        },
        "key_signature": "E_MAJOR",
        "clefs": [
          "TREBLE",
          "TREBLE"
        ]
      },
      {
        "bbox": {
          "left": 0.060357656329870224,
          "top": 0.7087032198905945,
          "width": 0.2774883843958378,
          "height": 0.12404298782348633,
          "score": null
        },
        "key_signature": "E_MAJOR",
        "clefs": [
          "TREBLE",
          "BASS"
        ]
      },
      {
        "bbox": {
          "left": 0.3205186426639557,
          "top": 0.7059541940689087,
          "width": 0.15168869495391846,
          "height": 0.12823796272277832,
          "score": null
        },
        "key_signature": "E_MAJOR",
        "clefs": [
          "TREBLE",
          "BASS"
        ]
      },
      {
        "bbox": {
          "left": 0.4590807259082794,
          "top": 0.7106948494911194,
          "width": 0.15734121203422546,
          "height": 0.1255335807800293,
          "score": null
        },
        "key_signature": "E_MAJOR",
        "clefs": [
          "TREBLE",
          "BASS"
        ]
      },
      {
        "bbox": {
          "left": 0.6015896797180176,
          "top": 0.7108860611915588,
          "width": 0.15693604946136475,
          "height": 0.1193094253540039,
          "score": null
        },
        "key_signature": "E_MAJOR",
        "clefs": [
          "TREBLE",
          "BASS"
        ]
      },
      {
        "bbox": {
          "left": 0.7420299649238586,
          "top": 0.7128010988235474,
          "width": 0.22613811492919922,
          "height": 0.11734563112258911,
          "score": null
        },
        "key_signature": "E_MAJOR",
        "clefs": [
          "TREBLE",
          "BASS"
        ]
      },
      {
        "bbox": {
          "left": 0.056843072175979614,
          "top": 0.8348240852355957,
          "width": 0.2527881860733032,
          "height": 0.1340172290802002,
          "score": null
        },
        "key_signature": "E_MAJOR",
        "clefs": [
          "TREBLE",
          "BASS"
        ]
      },
      {
        "bbox": {
          "left": 0.30012500286102295,
          "top": 0.8382633328437805,
          "width": 0.1641709804534912,
          "height": 0.13161522150039673,
          "score": null
        },
        "key_signature": "E_MAJOR",
        "clefs": [
          "TREBLE",
          "BASS"
        ]
      },
      {
        "bbox": {
          "left": 0.44911885261535645,
          "top": 0.8407015800476074,
          "width": 0.20866447687149048,
          "height": 0.1245889663696289,
          "score": null
        },
        "key_signature": "E_MAJOR",
        "clefs": [
          "TREBLE",
          "BASS"
        ]
      },
      {
        "bbox": {
          "left": 0.6464939117431641,
          "top": 0.8407374024391174,
          "width": 0.2138006091117859,
          "height": 0.12486183643341064,
          "score": null
        },
        "key_signature": "E_MAJOR",
        "clefs": [
          "TREBLE",
          "BASS"
        ]
      },
      {
        "bbox": {
          "left": 0.847674548625946,
          "top": 0.833865761756897,
          "width": 0.11930423974990845,
          "height": 0.12956827878952026,
          "score": null
        },
        "key_signature": "E_MAJOR",
        "clefs": [
          "TREBLE",
          "BASS"
        ]
      }
    ],
    "num_staves": null
  }
]