[
  {
    "measures": [
      {
        "bbox": {
          "left": 0.059591613709926605,
          "top": 0.17480814456939697,
          "width": 0.1770099475979805,
          "height": 0.16054344177246094,
          "score": null
        },
        "key_signature": "A_FLAT_MAJOR",
        "clefs": [
          "TREBLE",
          "BASS"
        ]
      },
      {
        "bbox": {
          "left": 0.21333816647529602,
          "top": 0.17542541027069092,
          "width": 0.2150464951992035,
          "height": 0.158672034740448,
          "score": null
        },
        "key_signature": "A_FLAT_MAJOR",
        "clefs": [
          "TREBLE",
          "BASS"
        ]
      },
      {
        "bbox": {
          "left": 0.4056949317455292,
          "top": 0.16941721737384796,
          "width": 0.20474538207054138,
          "height": 0.1653391271829605,
          "score": null
        },
        "key_signature": "A_FLAT_MAJOR",
        "clefs": [
          "TREBLE",
          "BASS"
        ]
      },
      {
        "bbox": {
          "left": 0.5863679051399231,
          "top": 0.17292653024196625,
          "width": 0.2181510329246521,
          "height": 0.16243036091327667,
          "score": null
        },
        "key_signature": "A_FLAT_MAJOR",
        "clefs": [
          "TREBLE",
          "BASS"
        ]
      },
      {
        "bbox": {
          "left": 0.7817018628120422,
          "top": 0.175333172082901,
          "width": 0.19769877195358276,
          "height": 0.1591431200504303,
          "score": null
        },
        "key_signature": "A_FLAT_MAJOR",
        "clefs": [
          "TREBLE",
          "BASS"
        ]
      },
      {
        "bbox": {
          "left": 0.03223169967532158,
          "top": 0.35333317518234253,
          "width": 0.32367895916104317,
          "height": 0.17954260110855103,
          "score": null
        },
        "key_signature": "A_FLAT_MAJOR",
        "clefs": [
          "TREBLE",
          "BASS"
        ]
      },
      {
        "bbox": {
          "left": 0.3258659839630127,
          "top": 0.35238751769065857,
          "width": 0.23065775632858276,
          "height": 0.18155047297477722,
          "score": null
        },
        "key_signature": "A_FLAT_MAJOR",
        "clefs": [
          "TREBLE",
          "BASS"
        ]
      },
      {
        "bbox": {
          "left": 0.5306493639945984,
          "top": 0.3505035638809204,
          "width": 0.23457002639770508,
          "height": 0.18173444271087646,
          "score": null
        },
        "key_signature": "A_FLAT_MAJOR",
        "clefs": [
          "TREBLE",
          "BASS"
        ]
      },
      {
        "bbox": {
          "left": 0.731173038482666,
          "top": 0.3455214500427246,
          "width": 0.25091832876205444,
          "height": 0.19440042972564697,
          "score": null
        },
        "key_signature": "A_FLAT_MAJOR",
        "clefs": [
          "TREBLE",
          "BASS"
        ]
      },
      {
        "bbox": {
          "left": 0.026783563196659088,
          "top": 0.5395004153251648,
          "width": 0.3136332556605339,
          "height": 0.17924165725708008,
          "score": null
        },
        "key_signature": "A_FLAT_MAJOR",
        "clefs": [
          "TREBLE",
          "TREBLE"
        ]
      },
      {
        "bbox": {
          "left": 0.31267231702804565,
          "top": 0.548396646976471,
          "width": 0.25449812412261963,
          "height": 0.16603189706802368,
          "score": null
        },
        "key_signature": "A_FLAT_MAJOR",
        "clefs": [
          "TREBLE",
          "TREBLE"
        ]
      },
      {
        "bbox": {
          "left": 0.5382322072982788,
          "top": 0.5433558225631714,
          "width": 0.23930025100708008,
          "height": 0.17342478036880493,
          "score": null
        },
        "key_signature": "A_FLAT_MAJOR",
        "clefs": [
          "TREBLE",
          "TREBLE"
        ]
      },
      {
        "bbox": {
          "left": 0.7479737401008606,
          "top": 0.5488718748092651,
          "width": 0.23412030935287476,
          "height": 0.17056375741958618,
          "score": null
        },
        "key_signature": "A_FLAT_MAJOR",
        "clefs": [
          "TREBLE",
          "TREBLE"
        ]
      },
      {
        "bbox": {
          "left": 0.029218433424830437,
          "top": 0.7338571548461914,
          "width": 0.2670632619410753,
          "height": 0.14995402097702026,
          "score": null
        },
        "key_signature": "A_FLAT_MAJOR",
        "clefs": [
          "TREBLE",
          "BASS"
        ]
      },
      {
        "bbox": {
          "left": 0.2712361812591553,
          "top": 0.732006847858429,
          "width": 0.21119317412376404,
          "height": 0.15535306930541992,
          "score": null
        },
        "key_signature": "A_FLAT_MAJOR",
        "clefs": [
          "TREBLE",
          "BASS"
        ]
      },
      {
        "bbox": {
          "left": 0.45344334840774536,
          "top": 0.7292774319648743,
          "width": 0.21062970161437988,
          "height": 0.1624552607536316,
          "score": null
        },
        "key_signature": "A_FLAT_MAJOR",
        "clefs": [
          "TREBLE",
          "BASS"
        ]
      },
      {
        "bbox": {
          "left": 0.6369524598121643,
          "top": 0.7262190580368042,
          "width": 0.18490684032440186,
          "height": 0.16376912593841553,
          "score": null
        },
        "key_signature": "A_FLAT_MAJOR",
        "clefs": [
          "TREBLE",
          "BASS"
        ]
      },
      {
        "bbox": {
          "left": 0.7951288223266602,
          "top": 0.728510320186615,
          "width": 0.18237894773483276,
          "height": 0.16024118661880493,
          "score": null
        },
        "key_signature": "A_FLAT_MAJOR",
        "clefs": [
          "TREBLE",
          "BASS"
        ]
      }
    ],
    "num_staves": null
  },
  {
    "measures": [
      {
        "bbox": {
          "left": 0.11501187831163406,
          "top": 0.04034661129117012,
          "width": 0.2062712237238884,
          "height": 0.14620065316557884,
          "score": null
        },
        "key_signature": "A_FLAT_MAJOR",
        "clefs": [
          "TREBLE",
          "BASS"
        ]
      },
      {
        "bbox": {
          "left": 0.29454171657562256,
          "top": 0.03575574606657028,
          "width": 0.18984127044677734,
          "height": 0.14653364568948746,
          "score": null
        },
        "key_signature": "A_FLAT_MAJOR",
        "clefs": [
          "TREBLE",
          "BASS"
        ]
      },
      {
        "bbox": {
          "left": 0.45794913172721863,
          "top": 0.03700752183794975,
          "width": 0.19291797280311584,
          "height": 0.14690709486603737,
          "score": null
        },
        "key_signature": "A_FLAT_MAJOR",
        "clefs": [
          "TREBLE",
          "BASS"
        ]
      },
      {
        "bbox": {
          "left": 0.6279456615447998,
          "top": 0.04013989120721817,
          "width": 0.18859964609146118,
          "height": 0.14229390770196915,
          "score": null
        },
        "key_signature": "A_FLAT_MAJOR",
        "clefs": [
          "TREBLE",
          "BASS"
        ]
      },
      {
        "bbox": {
          "left": 0.7894327044487,
          "top": 0.04808371141552925,
          "width": 0.19000470638275146,
          "height": 0.1361459456384182,
          "score": null
        },
        "key_signature": "A_FLAT_MAJOR",
        "clefs": [
          "TREBLE",
          "BASS"
        ]
      },
      {
        "bbox": {
          "left": 0.0275714248418808,
          "top": 0.18346229195594788,
          "width": 0.2492447942495346,
          "height": 0.1406579613685608,
          "score": null
        },
        "key_signature": "A_FLAT_MAJOR",
        "clefs": [
          "TREBLE",
          "BASS"
        ]
      },
      {
        "bbox": {
          "left": 0.2581802010536194,
          "top": 0.18237189948558807,
          "width": 0.1617962121963501,
          "height": 0.1416587382555008,
          "score": null
        },
        "key_signature": "A_FLAT_MAJOR",
        "clefs": [
          "TREBLE",
          "BASS"
        ]
      },
      {
        "bbox": {
          "left": 0.4011799395084381,
          "top": 0.17904621362686157,
          "width": 0.15552601218223572,
          "height": 0.14652305841445923,
          "score": null
        },
        "key_signature": "A_FLAT_MAJOR",
        "clefs": [
          "TREBLE",
          "BASS"
        ]
      },
      {
        "bbox": {
          "left": 0.5354368686676025,
          "top": 0.17829786241054535,
          "width": 0.16379070281982422,
          "height": 0.14873890578746796,
          "score": null
        },
        "key_signature": "A_FLAT_MAJOR",
        "clefs": [
          "TREBLE",
          "BASS"
        ]
      },
      {
        "bbox": {
          "left": 0.6773069500923157,
          "top": 0.1775057464838028,
          "width": 0.16625702381134033,
          "height": 0.14308984577655792,
          "score": null
        },
        "key_signature": "A_FLAT_MAJOR",
        "clefs": [
          "TREBLE",
          "BASS"
        ]
      },
      {
        "bbox": {
          "left": 0.8245935440063477,
          "top": 0.17950139939785004,
          "width": 0.15479326248168945,
          "height": 0.14673437178134918,
          "score": null
        },
        "key_signature": "A_FLAT_MAJOR",
        "clefs": [
          "TREBLE",
          "BASS"
        ]
      },
      {
        "bbox": {
          "left": 0.023262901231646538,
          "top": 0.3288951516151428,
          "width": 0.23925836570560932,
          "height": 0.1415504515171051,
          "score": null
        },
        "key_signature": "A_FLAT_MAJOR",
        "clefs": [
          "TREBLE",
          "BASS"
        ]
      },
      {
        "bbox": {
          "left": 0.23746468126773834,
          "top": 0.3236236572265625,
          "width": 0.17916716635227203,
          "height": 0.1448041796684265,
          "score": null
        },
        "key_signature": "A_FLAT_MAJOR",
        "clefs": [
          "TREBLE",
          "BASS"
        ]
      },
      {
        "bbox": {
          "left": 0.3936395049095154,
          "top": 0.32770469784736633,
          "width": 0.17658662796020508,
          "height": 0.14093255996704102,
          "score": null
        },
        "key_signature": "A_FLAT_MAJOR",
        "clefs": [
          "TREBLE",
          "BASS"
        ]
      },
      {
        "bbox": {
          "left": 0.5466080904006958,
          "top": 0.32398661971092224,
          "width": 0.16637784242630005,
          "height": 0.146198570728302,
          "score": null
        },
        "key_signature": "A_FLAT_MAJOR",
        "clefs": [
          "TREBLE",
          "BASS"
        ]
      },
      {
        "bbox": {
          "left": 0.6893399953842163,
          "top": 0.3213084638118744,
          "width": 0.14575695991516113,
          "height": 0.14867344498634338,
          "score": null
        },
        "key_signature": "A_FLAT_MAJOR",
        "clefs": [
          "TREBLE",
          "BASS"
        ]
      },
      {
        "bbox": {
          "left": 0.8055070638656616,
          "top": 0.321864515542984,
          "width": 0.17573398351669312,
          "height": 0.14668115973472595,
          "score": null
        },
        "key_signature": "A_FLAT_MAJOR",
        "clefs": [
          "TREBLE",
          "BASS"
        ]
      },
      {
        "bbox": {
          "left": 0.026890946552157402,
          "top": 0.47198599576950073,
          "width": 0.28948416002094746,
          "height": 0.1442914605140686,
          "score": null
        },
        "key_signature": "A_FLAT_MAJOR",
        "clefs": [
          "TREBLE",
          "BASS"
        ]
      },
      {
        "bbox": {
          "left": 0.2900031805038452,
          "top": 0.47390085458755493,
          "width": 0.17731454968452454,
          "height": 0.1424810290336609,
          "score": null
        },
        "key_signature": "A_FLAT_MAJOR",
        "clefs": [
          "TREBLE",
          "BASS"
        ]
      },
      {
        "bbox": {
          "left": 0.4471713900566101,
          "top": 0.4796003997325897,
          "width": 0.18555158376693726,
          "height": 0.13626137375831604,
          "score": null
        },
        "key_signature": "A_FLAT_MAJOR",
        "clefs": [
          "TREBLE",
          "BASS"
        ]
      },
      {
        "bbox": {
          "left": 0.612345278263092,
          "top": 0.4775114953517914,
          "width": 0.19113558530807495,
          "height": 0.13572576642036438,
          "score": null
        },
        "key_signature": "A_FLAT_MAJOR",
        "clefs": [
          "TREBLE",
          "BASS"
        ]
      },
      {
        "bbox": {
          "left": 0.7757757306098938,
          "top": 0.4796651303768158,
          "width": 0.2086992859840393,
          "height": 0.13599786162376404,
          "score": null
        },
        "key_signature": "A_FLAT_MAJOR",
        "clefs": [
          "TREBLE",
          "BASS"
        ]
      },
      {
        "bbox": {
          "left": 0.024183668196201324,
          "top": 0.6234951615333557,
          "width": 0.2809733375906944,
          "height": 0.1541680097579956,
          "score": null
        },
        "key_signature": "A_FLAT_MAJOR",
        "clefs": [
          "TREBLE",
          "BASS"
        ]
      },
      {
        "bbox": {
          "left": 0.2781139612197876,
          "top": 0.6210339665412903,
          "width": 0.20295915007591248,
          "height": 0.15762829780578613,
          "score": null
        },
        "key_signature": "A_FLAT_MAJOR",
        "clefs": [
          "TREBLE",
          "BASS"
        ]
      },
      {
        "bbox": {
          "left": 0.4558705687522888,
          "top": 0.6218100786209106,
          "width": 0.20138204097747803,
          "height": 0.15285491943359375,
          "score": null
        },
        "key_signature": "A_FLAT_MAJOR",
        "clefs": [
          "TREBLE",
          "BASS"
        ]
      },
      {
        "bbox": {
          "left": 0.6282163858413696,
          "top": 0.6234338879585266,
          "width": 0.18026894330978394,
          "height": 0.1478104591369629,
          "score": null
        },
        "key_signature": "A_FLAT_MAJOR",
        "clefs": [
          "TREBLE",
          "TREBLE"
        ]
      },
      {
        "bbox": {
          "left": 0.7871075868606567,
          "top": 0.6182976365089417,
          "width": 0.1996482014656067,
          "height": 0.14730936288833618,
          "score": null
        },
        "key_signature": "A_FLAT_MAJOR",
        "clefs": [
          "TREBLE",
          "TREBLE"
        ]
      },
      {
        "bbox": {
          "left": 0.025061074644327164,
          "top": 0.7724217772483826,
          "width": 0.25997352227568626,
          "height": 0.14196288585662842,
          "score": null
        },
        "key_signature": "A_FLAT_MAJOR",
        "clefs": [
          "TREBLE",
          "TREBLE"
        ]
      },
      {
        "bbox": {
          "left": 0.2602632939815521,
          "top": 0.7675849199295044,
          "width": 0.14784780144691467,
          "height": 0.14775443077087402,
          "score": null
        },
        "key_signature": "A_FLAT_MAJOR",
        "clefs": [
          "TREBLE",
          "TREBLE"
        ]
      },
      {
        "bbox": {
          "left": 0.3819272518157959,
          "top": 0.7734895944595337,
          "width": 0.1556740403175354,
          "height": 0.13923203945159912,
          "score": null
        },
        "key_signature": "A_FLAT_MAJOR",
        "clefs": [
          "TREBLE",
          "BASS"
        ]
      },
      {
        "bbox": {
          "left": 0.5108003616333008,
          "top": 0.7723999619483948,
          "width": 0.17016202211380005,
          "height": 0.1429855227470398,
          "score": null
        },
        "key_signature": "A_FLAT_MAJOR",
        "clefs": [
          "TREBLE",
          "BASS"
        ]
      },
      {
        "bbox": {
          "left": 0.6525389552116394,
          "top": 0.7748000621795654,
          "width": 0.16977620124816895,
          "height": 0.141191303730011,
          "score": null
        },
        "key_signature": "A_FLAT_MAJOR",
        "clefs": [
          "TREBLE",
          "BASS"
        ]
      },
      {
        "bbox": {
          "left": 0.7959244251251221,
          "top": 0.7716631889343262,
          "width": 0.14374226331710815,
          "height": 0.1434563398361206,
          "score": null
        },
        "key_signature": "A_FLAT_MAJOR",
        "clefs": [
          "TREBLE",
          "BASS"
        ]
      }
    ],
    "num_staves": null
  },
  {
    "measures": [
      {
        "bbox": {
          "left": 0.1897696703672409,
          "top": 0.04823382571339607,
          "width": 0.173065647482872,
          "height": 0.13719181343913078,
          "score": null
        },
        "key_signature": "D_FLAT_MAJOR",
        "clefs": [
          "TREBLE",
          "BASS"
        ]
      },
      {
        "bbox": {
          "left": 0.3413279354572296,
          "top": 0.041035424917936325,
          "width": 0.17679014801979065,
          "height": 0.1455548293888569,
          "score": null
        },
        "key_signature": "D_FLAT_MAJOR",
        "clefs": [
          "TREBLE",
          "BASS"
        ]
      },
      {
        "bbox": {
          "left": 0.4946044981479645,
          "top": 0.04222124069929123,
          "width": 0.18196633458137512,
          "height": 0.1452702358365059,
          "score": null
        },
        "key_signature": "D_FLAT_MAJOR",
        "clefs": [
          "TREBLE",
          "BASS"
        ]
      },
      {
        "bbox": {
          "left": 0.6556593179702759,
          "top": 0.04414524883031845,
          "width": 0.17821276187896729,
          "height": 0.14410880953073502,
          "score": null
        },
        "key_signature": "D_FLAT_MAJOR",
        "clefs": [
          "TREBLE",
          "BASS"
        ]
      },
      {
        "bbox": {
          "left": 0.8108637928962708,
          "top": 0.045999348163604736,
          "width": 0.17167121171951294,
          "height": 0.14221356809139252,
          "score": null
        },
        "key_signature": "D_FLAT_MAJOR",
        "clefs": [
          "TREBLE",
          "BASS"
        ]
      },
      {
        "bbox": {
          "left": 0.032964058220386505,
          "top": 0.18648917973041534,
          "width": 0.24622788280248642,
          "height": 0.14351926743984222,
          "score": null
        },
        "key_signature": "D_FLAT_MAJOR",
        "clefs": [
          "TREBLE",
          "BASS"
        ]
      },
      {
        "bbox": {
          "left": 0.25800687074661255,
          "top": 0.18395394086837769,
          "width": 0.15771165490150452,
          "height": 0.14431357383728027,
          "score": null
        },
        "key_signature": "D_FLAT_MAJOR",
        "clefs": [
          "TREBLE",
          "BASS"
        ]
      },
      {
        "bbox": {
          "left": 0.39676836133003235,
          "top": 0.18326690793037415,
          "width": 0.16231611371040344,
          "height": 0.14370375871658325,
          "score": null
        },
        "key_signature": "D_FLAT_MAJOR",
        "clefs": [
          "TREBLE",
          "BASS"
        ]
      },
      {
        "bbox": {
          "left": 0.5385581851005554,
          "top": 0.18500684201717377,
          "width": 0.1543237566947937,
          "height": 0.14558716118335724,
          "score": null
        },
        "key_signature": "D_FLAT_MAJOR",
        "clefs": [
          "TREBLE",
          "BASS"
        ]
      },
      {
        "bbox": {
          "left": 0.67230224609375,
          "top": 0.1872313767671585,
          "width": 0.16168725490570068,
          "height": 0.14073307812213898,
          "score": null
        },
        "key_signature": "D_FLAT_MAJOR",
        "clefs": [
          "TREBLE",
          "BASS"
        ]
      },
      {
        "bbox": {
          "left": 0.813381016254425,
          "top": 0.18446853756904602,
          "width": 0.166265606880188,
          "height": 0.14489859342575073,
          "score": null
        },
        "key_signature": "D_FLAT_MAJOR",
        "clefs": [
          "TREBLE",
          "BASS"
        ]
      },
      {
        "bbox": {
          "left": 0.03469235822558403,
          "top": 0.3303220570087433,
          "width": 0.25347720459103584,
          "height": 0.14603504538536072,
          "score": null
        },
        "key_signature": "D_FLAT_MAJOR",
        "clefs": [
          "TREBLE",
          "BASS"
        ]
      },
      {
        "bbox": {
          "left": 0.2566998302936554,
          "top": 0.3286150395870209,
          "width": 0.16112127900123596,
          "height": 0.14745798707008362,
          "score": null
        },
        "key_signature": "D_FLAT_MAJOR",
        "clefs": [
          "TREBLE",
          "BASS"
        ]
      },
      {
        "bbox": {
          "left": 0.3955981433391571,
          "top": 0.32922685146331787,
          "width": 0.15123900771141052,
          "height": 0.14734050631523132,
          "score": null
        },
        "key_signature": "D_FLAT_MAJOR",
        "clefs": [
          "TREBLE",
          "BASS"
        ]
      },
      {
        "bbox": {
          "left": 0.5288501977920532,
          "top": 0.3306133449077606,
          "width": 0.1558101773262024,
          "height": 0.1491425633430481,
          "score": null
        },
        "key_signature": "D_FLAT_MAJOR",
        "clefs": [
          "TREBLE",
          "BASS"
        ]
      },
      {
        "bbox": {
          "left": 0.6652056574821472,
          "top": 0.32952457666397095,
          "width": 0.15534311532974243,
          "height": 0.15075156092643738,
          "score": null
        },
        "key_signature": "D_FLAT_MAJOR",
        "clefs": [
          "TREBLE",
          "BASS"
        ]
      },
      {
        "bbox": {
          "left": 0.7987195253372192,
          "top": 0.3271110951900482,
          "width": 0.13861733675003052,
          "height": 0.1519613265991211,
          "score": null
        },
        "key_signature": "D_FLAT_MAJOR",
        "clefs": [
          "TREBLE",
          "BASS"
        ]
      },
      {
        "bbox": {
          "left": 0.13407005369663239,
          "top": 0.4798147976398468,
          "width": 0.17626021802425385,
          "height": 0.14124247431755066,
          "score": null
        },
        "key_signature": "A_FLAT_MAJOR",
        "clefs": [
          "TREBLE",
          "BASS"
        ]
      },
      {
        "bbox": {
          "left": 0.28532886505126953,
          "top": 0.479887455701828,
          "width": 0.2045881450176239,
          "height": 0.13925835490226746,
          "score": null
        },
        "key_signature": "A_FLAT_MAJOR",
        "clefs": [
          "TREBLE",
          "BASS"
        ]
      },
      {
        "bbox": {
          "left": 0.4697644114494324,
          "top": 0.4873463213443756,
          "width": 0.1801859736442566,
          "height": 0.13618704676628113,
          "score": null
        },
        "key_signature": "A_FLAT_MAJOR",
        "clefs": [
          "TREBLE",
          "BASS"
        ]
      },
      {
        "bbox": {
          "left": 0.630021870136261,
          "top": 0.4845842719078064,
          "width": 0.191558837890625,
          "height": 0.14117217063903809,
          "score": null
        },
        "key_signature": "A_FLAT_MAJOR",
        "clefs": [
          "TREBLE",
          "BASS"
        ]
      },
      {
        "bbox": {
          "left": 0.7973690032958984,
          "top": 0.49032190442085266,
          "width": 0.18304705619812012,
          "height": 0.138523668050766,
          "score": null
        },
        "key_signature": "A_FLAT_MAJOR",
        "clefs": [
          "TREBLE",
          "BASS"
        ]
      },
      {
        "bbox": {
          "left": 0.029409028589725494,
          "top": 0.6252524256706238,
          "width": 0.2653146907687187,
          "height": 0.1433488130569458,
          "score": null
        },
        "key_signature": "A_FLAT_MAJOR",
        "clefs": [
          "TREBLE",
          "BASS"
        ]
      },
      {
        "bbox": {
          "left": 0.2705613374710083,
          "top": 0.6236919164657593,
          "width": 0.1666731834411621,
          "height": 0.1408405303955078,
          "score": null
        },
        "key_signature": "A_FLAT_MAJOR",
        "clefs": [
          "TREBLE",
          "BASS"
        ]
      },
      {
        "bbox": {
          "left": 0.41459888219833374,
          "top": 0.6259706616401672,
          "width": 0.16431939601898193,
          "height": 0.13883858919143677,
          "score": null
        },
        "key_signature": "A_FLAT_MAJOR",
        "clefs": [
          "TREBLE",
          "BASS"
        ]
      },
      {
        "bbox": {
          "left": 0.5611447691917419,
          "top": 0.6302080154418945,
          "width": 0.13659536838531494,
          "height": 0.1359344720840454,
          "score": null
        },
        "key_signature": "A_FLAT_MAJOR",
        "clefs": [
          "TREBLE",
          "BASS"
        ]
      },
      {
        "bbox": {
          "left": 0.674697995185852,
          "top": 0.6284282803535461,
          "width": 0.17042803764343262,
          "height": 0.13575786352157593,
          "score": null
        },
        "key_signature": "A_FLAT_MAJOR",
        "clefs": [
          "TREBLE",
          "BASS"
        ]
      },
      {
        "bbox": {
          "left": 0.8243845105171204,
          "top": 0.6265748739242554,
          "width": 0.15650439262390137,
          "height": 0.13987809419631958,
          "score": null
        },
        "key_signature": "A_FLAT_MAJOR",
        "clefs": [
          "TREBLE",
          "BASS"
        ]
      },
      {
        "bbox": {
          "left": 0.02634226530790329,
          "top": 0.7716270685195923,
          "width": 0.26961228996515274,
          "height": 0.1421915888786316,
          "score": null
        },
        "key_signature": "A_FLAT_MAJOR",
        "clefs": [
          "TREBLE",
          "BASS"
        ]
      },
      {
        "bbox": {
          "left": 0.27445048093795776,
          "top": 0.7686743140220642,
          "width": 0.16524836421012878,
          "height": 0.14452004432678223,
          "score": null
        },
        "key_signature": "A_FLAT_MAJOR",
        "clefs": [
          "TREBLE",
          "BASS"
        ]
      },
      {
        "bbox": {
          "left": 0.4134754538536072,
          "top": 0.7705909013748169,
          "width": 0.18016237020492554,
          "height": 0.14592641592025757,
          "score": null
        },
        "key_signature": "A_FLAT_MAJOR",
        "clefs": [
          "TREBLE",
          "BASS"
        ]
      },
      {
        "bbox": {
          "left": 0.5705991983413696,
          "top": 0.7717370986938477,
          "width": 0.1798340082168579,
          "height": 0.14784139394760132,
          "score": null
        },
        "key_signature": "A_FLAT_MAJOR",
        "clefs": [
          "TREBLE",
          "BASS"
        ]
      },
      {
        "bbox": {
          "left": 0.7249958515167236,
          "top": 0.7686209082603455,
          "width": 0.14344412088394165,
          "height": 0.15209096670150757,
          "score": null
        },
        "key_signature": "A_FLAT_MAJOR",
        "clefs": [
          "TREBLE",
          "BASS"
        ]
      },
      {
        "bbox": {
          "left": 0.8455761075019836,
          "top": 0.7674827575683594,
          "width": 0.134465754032135,
          "height": 0.15593606233596802,
          "score": null
        },
        "key_signature": "A_FLAT_MAJOR",
        "clefs": [
          "TREBLE",
          "BASS"
        ]
      }
    ],
    "num_staves": null
  }
]