[
  {
    "measures": [],
    "num_staves": null
  },
  {
    "measures": [
      {
        "bbox": {
          "left": 0.11174284666776657,
          "top": 0.15190216898918152,
          "width": 0.3786892369389534,
          "height": 0.1743152141571045,
          "score": null
        },
        "key_signature": "B_FLAT_MAJOR",
        "clefs": [
          "TREBLE",
          "BASS"
        ]
      },
      {
        "bbox": {
          "left": 0.46056416630744934,
          "top": 0.1439385861158371,
          "width": 0.22126641869544983,
          "height": 0.18298883736133575,
          "score": null
        },
        "key_signature": "B_FLAT_MAJOR",
        "clefs": [
          "TREBLE",
          "BASS"
        ]
      },
      {
        "bbox": {
          "left": 0.6546371579170227,
          "top": 0.14696604013442993,
          "width": 0.3029109835624695,
          "height": 0.178536057472229,
          "score": null
        },
        "key_signature": "B_FLAT_MAJOR",
        "clefs": [
          "TREBLE",
          "BASS"
        ]
      },
      {
        "bbox": {
          "left": 0.05286252498626709,
          "top": 0.3515545725822449,
          "width": 0.2830101251602173,
          "height": 0.1844683289527893,
          "score": null
        },
        "key_signature": "B_FLAT_MAJOR",
        "clefs": [
          "TREBLE",
          "BASS"
        ]
      },
      {
        "bbox": {
          "left": 0.3093627095222473,
          "top": 0.35004448890686035,
          "width": 0.24344676733016968,
          "height": 0.19287186861038208,
          "score": null
        },
        "key_signature": "B_FLAT_MAJOR",
        "clefs": [
          "TREBLE",
          "BASS"
        ]
      },
      {
        "bbox": {
          "left": 0.5246087908744812,
          "top": 0.3515002429485321,
          "width": 0.190748393535614,
          "height": 0.18254944682121277,
          "score": null
        },
        "key_signature": "B_FLAT_MAJOR",
        "clefs": [
          "TREBLE",
          "BASS"
        ]
      },
      {
        "bbox": {
          "left": 0.6976919770240784,
          "top": 0.3505677282810211,
          "width": 0.25640249252319336,
          "height": 0.18739697337150574,
          "score": null
        },
        "key_signature": "B_FLAT_MAJOR",
        "clefs": [
          "TREBLE",
          "BASS"
        ]
      },
      {
        "bbox": {
          "left": 0.053294070065021515,
          "top": 0.554112434387207,
          "width": 0.2785254344344139,
          "height": 0.1921650767326355,
          "score": null
        },
        "key_signature": "B_FLAT_MAJOR",
        "clefs": [
          "TREBLE",
          "BASS"
        ]
      },
      {
        "bbox": {
          "left": 0.3129653036594391,
          "top": 0.5634596943855286,
          "width": 0.26928678154945374,
          "height": 0.18751376867294312,
          "score": null
        },
        "key_signature": "E_MAJOR",
        "clefs": [
          "TREBLE",
          "BASS"
        ]
      },
      {
        "bbox": {
          "left": 0.5601195693016052,
          "top": 0.5668941736221313,
          "width": 0.19847369194030762,
          "height": 0.1792837381362915,
          "score": null
        },
        "key_signature": "E_MAJOR",
        "clefs": [
          "TREBLE",
          "BASS"
        ]
      },
      {
        "bbox": {
          "left": 0.7355682253837585,
          "top": 0.5635980367660522,
          "width": 0.21987462043762207,
          "height": 0.1876598596572876,
          "score": null
        },
        "key_signature": "E_MAJOR",
        "clefs": [
          "TREBLE",
          "BASS"
        ]
      },
      {
        "bbox": {
          "left": 0.06407361477613449,
          "top": 0.7772338390350342,
          "width": 0.30193329602479935,
          "height": 0.17783033847808838,
          "score": null
        },
        "key_signature": "E_MAJOR",
        "clefs": [
          "TREBLE",
          "BASS"
        ]
      },
      {
        "bbox": {
          "left": 0.32932278513908386,
          "top": 0.7760185599327087,
          "width": 0.20674392580986023,
          "height": 0.17731279134750366,
          "score": null
        },
        "key_signature": "E_MAJOR",
        "clefs": [
          "TREBLE",
          "BASS"
        ]
      },
      {
        "bbox": {
          "left": 0.5126479864120483,
          "top": 0.7775181531906128,
          "width": 0.20649689435958862,
          "height": 0.1768651008605957,
          "score": null
        },
        "key_signature": "E_MAJOR",
        "clefs": [
          "TREBLE",
          "BASS"
        ]
      },
      {
        "bbox": {
          "left": 0.6896231770515442,
          "top": 0.7712439894676208,
          "width": 0.26703840494155884,
          "height": 0.18566328287124634,
          "score": null
        },
        "key_signature": "B_FLAT_MAJOR",
        "clefs": [
          "TREBLE",
          "BASS"
        ]
      }
    ],
    "num_staves": null
  },
  {
    "measures": [
      {
        "bbox": {
          "left": 0.06158259138464928,
          "top": 0.0371176116168499,
          "width": 0.2708773650228977,
          "height": 0.16742867603898048,
          "score": null
        },
        "key_signature": "B_FLAT_MAJOR",
        "clefs": [
          "TREBLE",
          "BASS"
        ]
      },
      {
        "bbox": {
          "left": 0.3104410469532013,
          "top": 0.02995758317410946,
          "width": 0.23897001147270203,
          "height": 0.1811016295105219,
          "score": null
        },
        "key_signature": "B_FLAT_MAJOR",
        "clefs": [
          "TREBLE",
          "BASS"
        ]
      },
      {
        "bbox": {
          "left": 0.5259990096092224,
          "top": 0.03235738351941109,
          "width": 0.23719149827957153,
          "height": 0.17222977802157402,
          "score": null
        },
        "key_signature": "B_FLAT_MAJOR",
        "clefs": [
          "TREBLE",
          "BASS"
        ]
      },
      {
        "bbox": {
          "left": 0.7428604960441589,
          "top": 0.033785898238420486,
          "width": 0.21277743577957153,
          "height": 0.1709907464683056,
          "score": null
        },
        "key_signature": "B_FLAT_MAJOR",
        "clefs": [
          "TREBLE",
          "BASS"
        ]
      },
      {
        "bbox": {
          "left": 0.06047065928578377,
          "top": 0.22559162974357605,
          "width": 0.2749848775565624,
          "height": 0.153520405292511,
          "score": null
        },
        "key_signature": "B_FLAT_MAJOR",
        "clefs": [
          "TREBLE",
          "BASS"
        ]
      },
      {
        "bbox": {
          "left": 0.3229958713054657,
          "top": 0.22079770267009735,
          "width": 0.2271573841571808,
          "height": 0.1716311126947403,
          "score": null
        },
        "key_signature": "B_FLAT_MAJOR",
        "clefs": [
          "TREBLE",
          "BASS"
        ]
      },
      {
        "bbox": {
          "left": 0.5321942567825317,
          "top": 0.22578929364681244,
          "width": 0.18222498893737793,
          "height": 0.16358552873134613,
          "score": null
        },
        "key_signature": "B_FLAT_MAJOR",
        "clefs": [
          "TREBLE",
          "BASS"
        ]
      },
      {
        "bbox": {
          "left": 0.697220504283905,
          "top": 0.2215242236852646,
          "width": 0.25662511587142944,
          "height": 0.16649280488491058,
          "score": null
        },
        "key_signature": "B_FLAT_MAJOR",
        "clefs": [
          "TREBLE",
          "BASS"
        ]
      },
      {
        "bbox": {
          "left": 0.05464164912700653,
          "top": 0.3991428017616272,
          "width": 0.281924232840538,
          "height": 0.1849650740623474,
          "score": null
        },
        "key_signature": "B_FLAT_MAJOR",
        "clefs": [
          "TREBLE",
          "BASS"
        ]
      },
      {
        "bbox": {
          "left": 0.31001949310302734,
          "top": 0.4034386873245239,
          "width": 0.24282747507095337,
          "height": 0.18608689308166504,
          "score": null
        },
        "key_signature": "B_FLAT_MAJOR",
        "clefs": [
          "TREBLE",
          "BASS"
        ]
      },
      {
        "bbox": {
          "left": 0.5241393446922302,
          "top": 0.40564653277397156,
          "width": 0.1920129656791687,
          "height": 0.17542704939842224,
          "score": null
        },
        "key_signature": "B_FLAT_MAJOR",
        "clefs": [
          "TREBLE",
          "BASS"
        ]
      },
      {
        "bbox": {
          "left": 0.6936416029930115,
          "top": 0.4071227014064789,
          "width": 0.2622339725494385,
          "height": 0.17766925692558289,
          "score": null
        },
        "key_signature": "B_FLAT_MAJOR",
        "clefs": [
          "TREBLE",
          "BASS"
        ]
      },
      {
        "bbox": {
          "left": 0.05252870172262192,
          "top": 0.5891171097755432,
          "width": 0.2838641181588173,
          "height": 0.18517428636550903,
          "score": null
        },
        "key_signature": "B_FLAT_MAJOR",
        "clefs": [
          "TREBLE",
          "BASS"
        ]
      },
      {
        "bbox": {
          "left": 0.310959130525589,
          "top": 0.5930201411247253,
          "width": 0.27440956234931946,
          "height": 0.18283259868621826,
          "score": null
        },
        "key_signature": "B_FLAT_MAJOR",
        "clefs": [
          "TREBLE",
          "BASS"
        ]
      },
      {
        "bbox": {
          "left": 0.5541033148765564,
          "top": 0.5937514901161194,
          "width": 0.20642149448394775,
          "height": 0.18120551109313965,
          "score": null
        },
        "key_signature": "B_FLAT_MAJOR",
        "clefs": [
          "TREBLE",
          "BASS"
        ]
      },
      {
        "bbox": {
          "left": 0.7376741766929626,
          "top": 0.5950465202331543,
          "width": 0.21838593482971191,
          "height": 0.1827942132949829,
          "score": null
        },
        "key_signature": "B_FLAT_MAJOR",
        "clefs": [
          "TREBLE",
          "BASS"
        ]
      },
      {
        "bbox": {
          "left": 0.04983753338456154,
          "top": 0.7805049419403076,
          "width": 0.40896984562277794,
          "height": 0.17728561162948608,
          "score": null
        },
        "key_signature": "B_FLAT_MAJOR",
        "clefs": [
          "TREBLE",
          "BASS"
        ]
      },
      {
        "bbox": {
          "left": 0.41901010274887085,
          "top": 0.78118896484375,
          "width": 0.32070058584213257,
          "height": 0.16580021381378174,
          "score": null
        },
        "key_signature": "B_FLAT_MAJOR",
        "clefs": [
          "TREBLE",
          "BASS"
        ]
      },
      {
        "bbox": {
          "left": 0.7127667665481567,
          "top": 0.7818276286125183,
          "width": 0.24103301763534546,
          "height": 0.15747272968292236,
          "score": null
        },
        "key_signature": "B_FLAT_MAJOR",
        "clefs": [
          "TREBLE",
          "BASS"
        ]
      }
    ],
    "num_staves": null
  }
]