[
  {
    "measures": [
      {
        "bbox": {
          "left": 0.10029299557209015,
          "top": 0.13131728768348694,
          "width": 0.21955962479114532,
          "height": 0.1420046091079712,
          "score": null
        },
        "key_signature": "D_MAJOR",
        "clefs": [
          "TREBLE",
          "BASS"
        ]
      },
      {
        "bbox": {
          "left": 0.29909011721611023,
          "top": 0.12746447324752808,
          "width": 0.1279638707637787,
          "height": 0.14606121182441711,
          "score": null
        },
        "key_signature": "D_MAJOR",
        "clefs": [
          "TREBLE",
          "BASS"
        ]
      },
      {
        "bbox": {
          "left": 0.41325485706329346,
          "top": 0.12399100512266159,
          "width": 0.12673026323318481,
          "height": 0.14876169711351395,
          "score": null
        },
        "key_signature": "D_MAJOR",
        "clefs": [
          "TREBLE",
          "BASS"
        ]
      },
      {
        "bbox": {
          "left": 0.5220930576324463,
          "top": 0.12310989946126938,
          "width": 0.12937253713607788,
          "height": 0.14738184958696365,
          "score": null
        },
        "key_signature": "D_MAJOR",
        "clefs": [
          "TREBLE",
          "BASS"
        ]
      },
      {
        "bbox": {
          "left": 0.6297006607055664,
          "top": 0.12039785087108612,
          "width": 0.16796958446502686,
          "height": 0.1496455818414688,
          "score": null
        },
        "key_signature": "D_MAJOR",
        "clefs": [
          "TREBLE",
          "BASS"
        ]
      },
      {
        "bbox": {
          "left": 0.7704616785049438,
          "top": 0.12239415943622589,
          "width": 0.1729830503463745,
          "height": 0.14840663969516754,
          "score": null
        },
        "key_signature": "D_MAJOR",
        "clefs": [
          "TREBLE",
          "BASS"
        ]
      },
      {
        "bbox": {
          "left": 0.04603356868028641,
          "top": 0.2797729969024658,
          "width": 0.23491232842206955,
          "height": 0.15227368474006653,
          "score": null
        },
        "key_signature": "D_MAJOR",
        "clefs": [
          "TREBLE",
          "BASS"
        ]
      },
      {
        "bbox": {
          "left": 0.2652726173400879,
          "top": 0.2759226858615875,
          "width": 0.12024480104446411,
          "height": 0.1534706950187683,
          "score": null
        },
        "key_signature": "D_MAJOR",
        "clefs": [
          "TREBLE",
          "BASS"
        ]
      },
      {
        "bbox": {
          "left": 0.36912307143211365,
          "top": 0.2769186198711395,
          "width": 0.12166017293930054,
          "height": 0.15285718441009521,
          "score": null
        },
        "key_signature": "D_MAJOR",
        "clefs": [
          "TREBLE",
          "BASS"
        ]
      },
      {
        "bbox": {
          "left": 0.47356414794921875,
          "top": 0.27736181020736694,
          "width": 0.11984449625015259,
          "height": 0.15337222814559937,
          "score": null
        },
        "key_signature": "D_MAJOR",
        "clefs": [
          "TREBLE",
          "BASS"
        ]
      },
      {
        "bbox": {
          "left": 0.5740034580230713,
          "top": 0.2776973843574524,
          "width": 0.12200462818145752,
          "height": 0.15369349718093872,
          "score": null
        },
        "key_signature": "D_MAJOR",
        "clefs": [
          "TREBLE",
          "BASS"
        ]
      },
      {
        "bbox": {
          "left": 0.6763685345649719,
          "top": 0.27921366691589355,
          "width": 0.12246936559677124,
          "height": 0.1564440131187439,
          "score": null
        },
        "key_signature": "D_MAJOR",
        "clefs": [
          "TREBLE",
          "BASS"
        ]
      },
      {
        "bbox": {
          "left": 0.7746331095695496,
          "top": 0.2772648334503174,
          "width": 0.17075276374816895,
          "height": 0.15891319513320923,
          "score": null
        },
        "key_signature": "D_MAJOR",
        "clefs": [
          "TREBLE",
          "BASS"
        ]
      },
      {
        "bbox": {
          "left": 0.04556719586253166,
          "top": 0.4342576563358307,
          "width": 0.21825825050473213,
          "height": 0.16093572974205017,
          "score": null
        },
        "key_signature": "D_MAJOR",
        "clefs": [
          "TREBLE",
          "BASS"
        ]
      },
      {
        "bbox": {
          "left": 0.24870029091835022,
          "top": 0.43508219718933105,
          "width": 0.1373843252658844,
          "height": 0.15798038244247437,
          "score": null
        },
        "key_signature": "D_MAJOR",
        "clefs": [
          "TREBLE",
          "BASS"
        ]
      },
      {
        "bbox": {
          "left": 0.3686887323856354,
          "top": 0.4360734522342682,
          "width": 0.10840070247650146,
          "height": 0.15604856610298157,
          "score": null
        },
        "key_signature": "D_MAJOR",
        "clefs": [
          "TREBLE",
          "BASS"
        ]
      },
      {
        "bbox": {
          "left": 0.4597512483596802,
          "top": 0.4374482333660126,
          "width": 0.10964334011077881,
          "height": 0.15413931012153625,
          "score": null
        },
        "key_signature": "D_MAJOR",
        "clefs": [
          "TREBLE",
          "BASS"
        ]
      },
      {
        "bbox": {
          "left": 0.5537461638450623,
          "top": 0.4390774071216583,
          "width": 0.11048227548599243,
          "height": 0.152553528547287,
          "score": null
        },
        "key_signature": "D_MAJOR",
        "clefs": [
          "TREBLE",
          "BASS"
        ]
      },
      {
        "bbox": {
          "left": 0.6437520384788513,
          "top": 0.4431017339229584,
          "width": 0.1142084002494812,
          "height": 0.14769402146339417,
          "score": null
        },
        "key_signature": "D_MAJOR",
        "clefs": [
          "TREBLE",
          "BASS"
        ]
      },
      {
        "bbox": {
          "left": 0.737399160861969,
          "top": 0.44554561376571655,
          "width": 0.10723787546157837,
          "height": 0.14691311120986938,
          "score": null
        },
        "key_signature": "D_MAJOR",
        "clefs": [
          "TREBLE",
          "BASS"
        ]
      },
      {
        "bbox": {
          "left": 0.8267872333526611,
          "top": 0.4423961937427521,
          "width": 0.11440408229827881,
          "height": 0.15151742100715637,
          "score": null
        },
        "key_signature": "D_MAJOR",
        "clefs": [
          "TREBLE",
          "BASS"
        ]
      },
      {
        "bbox": {
          "left": 0.04383349046111107,
          "top": 0.5982114672660828,
          "width": 0.22010070458054543,
          "height": 0.16355931758880615,
          "score": null
        },
        "key_signature": "D_MAJOR",
        "clefs": [
          "TREBLE",
          "BASS"
        ]
      },
      {
        "bbox": {
          "left": 0.24625158309936523,
          "top": 0.5992380976676941,
          "width": 0.13300108909606934,
          "height": 0.15824121236801147,
          "score": null
        },
        "key_signature": "D_MAJOR",
        "clefs": [
          "TREBLE",
          "BASS"
        ]
      },
      {
        "bbox": {
          "left": 0.3644503057003021,
          "top": 0.6013237833976746,
          "width": 0.13458025455474854,
          "height": 0.15777987241744995,
          "score": null
        },
        "key_signature": "D_MAJOR",
        "clefs": [
          "TREBLE",
          "BASS"
        ]
      },
      {
        "bbox": {
          "left": 0.4792229235172272,
          "top": 0.6023192405700684,
          "width": 0.10942575335502625,
          "height": 0.15667837858200073,
          "score": null
        },
        "key_signature": "D_MAJOR",
        "clefs": [
          "TREBLE",
          "BASS"
        ]
      },
      {
        "bbox": {
          "left": 0.5700998902320862,
          "top": 0.6005339026451111,
          "width": 0.13124686479568481,
          "height": 0.15830540657043457,
          "score": null
        },
        "key_signature": "D_MAJOR",
        "clefs": [
          "TREBLE",
          "BASS"
        ]
      },
      {
        "bbox": {
          "left": 0.6812382340431213,
          "top": 0.5988391041755676,
          "width": 0.13571381568908691,
          "height": 0.15955567359924316,
          "score": null
        },
        "key_signature": "D_MAJOR",
        "clefs": [
          "TREBLE",
          "BASS"
        ]
      },
      {
        "bbox": {
          "left": 0.7975508570671082,
          "top": 0.5974032282829285,
          "width": 0.14282047748565674,
          "height": 0.1621701717376709,
          "score": null
        },
        "key_signature": "D_MAJOR",
        "clefs": [
          "TREBLE",
          "BASS"
        ]
      },
      {
        "bbox": {
          "left": 0.04322822764515877,
          "top": 0.7606502771377563,
          "width": 0.23284102603793144,
          "height": 0.1588173508644104,
          "score": null
        },
        "key_signature": "D_MAJOR",
        "clefs": [
          "TREBLE",
          "BASS"
        ]
      },
      {
        "bbox": {
          "left": 0.25792816281318665,
          "top": 0.7582414150238037,
          "width": 0.11604335904121399,
          "height": 0.15406793355941772,
          "score": null
        },
        "key_signature": "D_MAJOR",
        "clefs": [
          "TREBLE",
          "BASS"
        ]
      },
      {
        "bbox": {
          "left": 0.3595525324344635,
          "top": 0.7629716396331787,
          "width": 0.13154351711273193,
          "height": 0.1526508331298828,
          "score": null
        },
        "key_signature": "D_MAJOR",
        "clefs": [
          "TREBLE",
          "BASS"
        ]
      },
      {
        "bbox": {
          "left": 0.47246241569519043,
          "top": 0.7625632286071777,
          "width": 0.11229777336120605,
          "height": 0.15163177251815796,
          "score": null
        },
        "key_signature": "D_MAJOR",
        "clefs": [
          "TREBLE",
          "BASS"
        ]
      },
      {
        "bbox": {
          "left": 0.5678142309188843,
          "top": 0.763206958770752,
          "width": 0.11785364151000977,
          "height": 0.15363144874572754,
          "score": null
        },
        "key_signature": "D_MAJOR",
        "clefs": [
          "TREBLE",
          "BASS"
        ]
      },
      {
        "bbox": {
          "left": 0.6677564978599548,
          "top": 0.7635815143585205,
          "width": 0.14785373210906982,
          "height": 0.154282808303833,
          "score": null
        },
        "key_signature": "D_MAJOR",
        "clefs": [
          "TREBLE",
          "BASS"
        ]
      },
      {
        "bbox": {
          "left": 0.7939891219139099,
          "top": 0.7626270651817322,
          "width": 0.14772343635559082,
          "height": 0.1557399034500122,
          "score": null
        },
        "key_signature": "D_MAJOR",
        "clefs": [
          "TREBLE",
          "BASS"
        ]
      }
    ],
    "num_staves": null
  },
  {
    "measures": [
      {
        "bbox": {
          "left": 0.058659352362155914,
          "top": 0.052172333002090454,
          "width": 0.21805690973997116,
          "height": 0.13209201395511627,
          "score": null
        },
        "key_signature": "D_MAJOR",
        "clefs": [
          "TREBLE",
          "BASS"
        ]
      },
      {
        "bbox": {
          "left": 0.260305792093277,
          "top": 0.047928210347890854,
          "width": 0.1426638960838318,
          "height": 0.13733597472310066,
          "score": null
        },
        "key_signature": "D_MAJOR",
        "clefs": [
          "TREBLE",
          "BASS"
        ]
      },
      {
        "bbox": {
          "left": 0.3862134516239166,
          "top": 0.05280276760458946,
          "width": 0.1039508581161499,
          "height": 0.1350519098341465,
          "score": null
        },
        "key_signature": "D_MAJOR",
        "clefs": [
          "TREBLE",
          "BASS"
        ]
      },
      {
        "bbox": {
          "left": 0.471045583486557,
          "top": 0.05524202436208725,
          "width": 0.09232267737388611,
          "height": 0.13319069892168045,
          "score": null
        },
        "key_signature": "D_MAJOR",
        "clefs": [
          "TREBLE",
          "BASS"
        ]
      },
      {
        "bbox": {
          "left": 0.5502707958221436,
          "top": 0.06238299608230591,
          "width": 0.1072382926940918,
          "height": 0.12403109669685364,
          "score": null
        },
        "key_signature": "D_MAJOR",
        "clefs": [
          "TREBLE",
          "BASS"
        ]
      },
      {
        "bbox": {
          "left": 0.6439237594604492,
          "top": 0.06321868300437927,
          "width": 0.10796254873275757,
          "height": 0.1256318837404251,
          "score": null
        },
        "key_signature": "D_MAJOR",
        "clefs": [
          "TREBLE",
          "BASS"
        ]
      },
      {
        "bbox": {
          "left": 0.7358793616294861,
          "top": 0.05824047699570656,
          "width": 0.10507124662399292,
          "height": 0.1307983063161373,
          "score": null
        },
        "key_signature": "D_MAJOR",
        "clefs": [
          "TREBLE",
          "BASS"
        ]
      },
      {
        "bbox": {
          "left": 0.8229700326919556,
          "top": 0.05564039573073387,
          "width": 0.11629807949066162,
          "height": 0.13411711528897285,
          "score": null
        },
        "key_signature": "D_MAJOR",
        "clefs": [
          "TREBLE",
          "BASS"
        ]
      },
      {
        "bbox": {
          "left": 0.04931296035647392,
          "top": 0.18406091630458832,
          "width": 0.2314693219959736,
          "height": 0.14692629873752594,
          "score": null
        },
        "key_signature": "D_MAJOR",
        "clefs": [
          "TREBLE",
          "BASS"
        ]
      },
      {
        "bbox": {
          "left": 0.26464930176734924,
          "top": 0.18587028980255127,
          "width": 0.1463891565799713,
          "height": 0.14160731434822083,
          "score": null
        },
        "key_signature": "D_MAJOR",
        "clefs": [
          "TREBLE",
          "BASS"
        ]
      },
      {
        "bbox": {
          "left": 0.395344614982605,
          "top": 0.18419915437698364,
          "width": 0.1458798050880432,
          "height": 0.14601778984069824,
          "score": null
        },
        "key_signature": "D_MAJOR",
        "clefs": [
          "TREBLE",
          "BASS"
        ]
      },
      {
        "bbox": {
          "left": 0.5251146554946899,
          "top": 0.18782354891300201,
          "width": 0.11632943153381348,
          "height": 0.14303480088710785,
          "score": null
        },
        "key_signature": "D_MAJOR",
        "clefs": [
          "TREBLE",
          "BASS"
        ]
      },
      {
        "bbox": {
          "left": 0.6248396039009094,
          "top": 0.18816085159778595,
          "width": 0.11661112308502197,
          "height": 0.14135436713695526,
          "score": null
        },
        "key_signature": "D_MAJOR",
        "clefs": [
          "TREBLE",
          "BASS"
        ]
      },
      {
        "bbox": {
          "left": 0.7222493886947632,
          "top": 0.19491927325725555,
          "width": 0.11670875549316406,
          "height": 0.1349211186170578,
          "score": null
        },
        "key_signature": "D_MAJOR",
        "clefs": [
          "TREBLE",
          "BASS"
        ]
      },
      {
        "bbox": {
          "left": 0.8178133368492126,
          "top": 0.19661809504032135,
          "width": 0.12242168188095093,
          "height": 0.13414661586284637,
          "score": null
        },
        "key_signature": "D_MAJOR",
        "clefs": [
          "TREBLE",
          "BASS"
        ]
      },
      {
        "bbox": {
          "left": 0.04672718048095703,
          "top": 0.3345961272716522,
          "width": 0.19396242499351501,
          "height": 0.14434224367141724,
          "score": null
        },
        "key_signature": "D_MAJOR",
        "clefs": [
          "TREBLE",
          "BASS"
        ]
      },
      {
        "bbox": {
          "left": 0.22453036904335022,
          "top": 0.33294302225112915,
          "width": 0.1493242383003235,
          "height": 0.14380696415901184,
          "score": null
        },
        "key_signature": "D_MAJOR",
        "clefs": [
          "TREBLE",
          "BASS"
        ]
      },
      {
        "bbox": {
          "left": 0.3553844392299652,
          "top": 0.33396971225738525,
          "width": 0.151792973279953,
          "height": 0.14370080828666687,
          "score": null
        },
        "key_signature": "D_MAJOR",
        "clefs": [
          "TREBLE",
          "BASS"
        ]
      },
      {
        "bbox": {
          "left": 0.4899916648864746,
          "top": 0.33124300837516785,
          "width": 0.14903730154037476,
          "height": 0.14573198556900024,
          "score": null
        },
        "key_signature": "D_MAJOR",
        "clefs": [
          "TREBLE",
          "BASS"
        ]
      },
      {
        "bbox": {
          "left": 0.6206934452056885,
          "top": 0.33283182978630066,
          "width": 0.11131507158279419,
          "height": 0.1458304524421692,
          "score": null
        },
        "key_signature": "D_MAJOR",
        "clefs": [
          "TREBLE",
          "BASS"
        ]
      },
      {
        "bbox": {
          "left": 0.716285765171051,
          "top": 0.33470121026039124,
          "width": 0.12007832527160645,
          "height": 0.14528000354766846,
          "score": null
        },
        "key_signature": "D_MAJOR",
        "clefs": [
          "TREBLE",
          "BASS"
        ]
      },
      {
        "bbox": {
          "left": 0.8174958229064941,
          "top": 0.33175310492515564,
          "width": 0.12292087078094482,
          "height": 0.14605674147605896,
          "score": null
        },
        "key_signature": "D_MAJOR",
        "clefs": [
          "TREBLE",
          "BASS"
        ]
      },
      {
        "bbox": {
          "left": 0.04541730880737305,
          "top": 0.48333480954170227,
          "width": 0.2033744603395462,
          "height": 0.14484229683876038,
          "score": null
        },
        "key_signature": "D_MAJOR",
        "clefs": [
          "TREBLE",
          "BASS"
        ]
      },
      {
        "bbox": {
          "left": 0.23006340861320496,
          "top": 0.47927752137184143,
          "width": 0.11334502696990967,
          "height": 0.1458984911441803,
          "score": null
        },
        "key_signature": "D_MAJOR",
        "clefs": [
          "TREBLE",
          "BASS"
        ]
      },
      {
        "bbox": {
          "left": 0.3262566030025482,
          "top": 0.48200350999832153,
          "width": 0.11480602622032166,
          "height": 0.142625629901886,
          "score": null
        },
        "key_signature": "D_MAJOR",
        "clefs": [
          "TREBLE",
          "BASS"
        ]
      },
      {
        "bbox": {
          "left": 0.42069095373153687,
          "top": 0.48136377334594727,
          "width": 0.15372556447982788,
          "height": 0.14587533473968506,
          "score": null
        },
        "key_signature": "D_MAJOR",
        "clefs": [
          "TREBLE",
          "BASS"
        ]
      },
      {
        "bbox": {
          "left": 0.5562794208526611,
          "top": 0.484114408493042,
          "width": 0.15240561962127686,
          "height": 0.13938069343566895,
          "score": null
        },
        "key_signature": "D_MAJOR",
        "clefs": [
          "TREBLE",
          "BASS"
        ]
      },
      {
        "bbox": {
          "left": 0.6887263059616089,
          "top": 0.4850064516067505,
          "width": 0.15146708488464355,
          "height": 0.14285320043563843,
          "score": null
        },
        "key_signature": "D_MAJOR",
        "clefs": [
          "TREBLE",
          "BASS"
        ]
      },
      {
        "bbox": {
          "left": 0.8194485902786255,
          "top": 0.47744518518447876,
          "width": 0.11871212720870972,
          "height": 0.1515216827392578,
          "score": null
        },
        "key_signature": "D_MAJOR",
        "clefs": [
          "TREBLE",
          "BASS"
        ]
      },
      {
        "bbox": {
          "left": 0.048963598906993866,
          "top": 0.632295548915863,
          "width": 0.21414465457201004,
          "height": 0.14677077531814575,
          "score": null
        },
        "key_signature": "D_MAJOR",
        "clefs": [
          "TREBLE",
          "BASS"
        ]
      },
      {
        "bbox": {
          "left": 0.2487199902534485,
          "top": 0.6293304562568665,
          "width": 0.13643977046012878,
          "height": 0.14870035648345947,
          "score": null
        },
        "key_signature": "D_MAJOR",
        "clefs": [
          "TREBLE",
          "BASS"
        ]
      },
      {
        "bbox": {
          "left": 0.37079936265945435,
          "top": 0.6324567794799805,
          "width": 0.13857799768447876,
          "height": 0.1439928412437439,
          "score": null
        },
        "key_signature": "D_MAJOR",
        "clefs": [
          "TREBLE",
          "BASS"
        ]
      },
      {
        "bbox": {
          "left": 0.4928433299064636,
          "top": 0.6299757361412048,
          "width": 0.14220988750457764,
          "height": 0.14794409275054932,
          "score": null
        },
        "key_signature": "D_MAJOR",
        "clefs": [
          "TREBLE",
          "BASS"
        ]
      },
      {
        "bbox": {
          "left": 0.6156485676765442,
          "top": 0.6306524276733398,
          "width": 0.11386960744857788,
          "height": 0.14712828397750854,
          "score": null
        },
        "key_signature": "D_MAJOR",
        "clefs": [
          "TREBLE",
          "BASS"
        ]
      },
      {
        "bbox": {
          "left": 0.7087526321411133,
          "top": 0.6342380046844482,
          "width": 0.13658404350280762,
          "height": 0.14370238780975342,
          "score": null
        },
        "key_signature": "D_MAJOR",
        "clefs": [
          "TREBLE",
          "BASS"
        ]
      },
      {
        "bbox": {
          "left": 0.8222737908363342,
          "top": 0.6309303641319275,
          "width": 0.11797446012496948,
          "height": 0.1464284062385559,
          "score": null
        },
        "key_signature": "D_MAJOR",
        "clefs": [
          "TREBLE",
          "BASS"
        ]
      },
      {
        "bbox": {
          "left": 0.04491521418094635,
          "top": 0.7778409719467163,
          "width": 0.19297704100608826,
          "height": 0.14870208501815796,
          "score": null
        },
        "key_signature": "D_MAJOR",
        "clefs": [
          "TREBLE",
          "BASS"
        ]
      },
      {
        "bbox": {
          "left": 0.22435985505580902,
          "top": 0.780236005783081,
          "width": 0.14422447979450226,
          "height": 0.14106035232543945,
          "score": null
        },
        "key_signature": "D_MAJOR",
        "clefs": [
          "TREBLE",
          "BASS"
        ]
      },
      {
        "bbox": {
          "left": 0.35165199637413025,
          "top": 0.7811269760131836,
          "width": 0.1474730670452118,
          "height": 0.14166933298110962,
          "score": null
        },
        "key_signature": "D_MAJOR",
        "clefs": [
          "TREBLE",
          "BASS"
        ]
      },
      {
        "bbox": {
          "left": 0.4829108715057373,
          "top": 0.7799069881439209,
          "width": 0.15557152032852173,
          "height": 0.14239197969436646,
          "score": null
        },
        "key_signature": "D_MAJOR",
        "clefs": [
          "TREBLE",
          "BASS"
        ]
      },
      {
        "bbox": {
          "left": 0.6158753633499146,
          "top": 0.7774918079376221,
          "width": 0.1483953595161438,
          "height": 0.14762568473815918,
          "score": null
        },
        "key_signature": "D_MAJOR",
        "clefs": [
          "TREBLE",
          "BASS"
        ]
      },
      {
        "bbox": {
          "left": 0.7408004999160767,
          "top": 0.7797002792358398,
          "width": 0.10698211193084717,
          "height": 0.14455413818359375,
          "score": null
        },
        "key_signature": "D_MAJOR",
        "clefs": [
          "TREBLE",
          "BASS"
        ]
      },
      {
        "bbox": {
          "left": 0.825035572052002,
          "top": 0.779471755027771,
          "width": 0.11731451749801636,
          "height": 0.1460578441619873,
          "score": null
        },
        "key_signature": "D_MAJOR",
        "clefs": [
          "TREBLE",
          "BASS"
        ]
      }
    ],
    "num_staves": null
  },
  {
    "measures": [],
    "num_staves": null
  },
  {
    "measures": [],
    "num_staves": null
  },
  {
    "measures": [],
    "num_staves": null
  },
  {
    "measures": [],
    "num_staves": null
  }
]