[
  {
    "measures": [
      {
        "bbox": {
          "left": 0.04890964552760124,
          "top": 0.11396685987710953,
          "width": 0.37957851961255074,
          "height": 0.1287490352988243,
          "score": null
        },
        "key_signature": "C_MAJOR",
        "clefs": [
          "TREBLE",
          "BASS"
        ]
      },
      {
        "bbox": {
          "left": 0.3959306478500366,
          "top": 0.11040206998586655,
          "width": 0.287803053855896,
          "height": 0.13027512282133102,
          "score": null
        },
        "key_signature": "C_MAJOR",
        "clefs": [
          "TREBLE",
          "BASS"
        ]
      },
      {
        "bbox": {
          "left": 0.6617841124534607,
          "top": 0.12083956599235535,
          "width": 0.29211628437042236,
          "height": 0.12148541212081909,
          "score": null
        },
        "key_signature": "C_MAJOR",
        "clefs": [
          "TREBLE",
          "BASS"
        ]
      },
      {
        "bbox": {
          "left": 0.04755439981818199,
          "top": 0.2496001422405243,
          "width": 0.34921759739518166,
          "height": 0.1324959099292755,
          "score": null
        },
        "key_signature": "C_MAJOR",
        "clefs": [
          "TREBLE",
          "BASS"
        ]
      },
      {
        "bbox": {
          "left": 0.3688669502735138,
          "top": 0.24136270582675934,
          "width": 0.31327828764915466,
          "height": 0.13688014447689056,
          "score": null
        },
        "key_signature": "C_MAJOR",
        "clefs": [
          "TREBLE",
          "BASS"
        ]
      },
      {
        "bbox": {
          "left": 0.6628970503807068,
          "top": 0.24357610940933228,
          "width": 0.2906973361968994,
          "height": 0.13624528050422668,
          "score": null
        },
        "key_signature": "C_MAJOR",
        "clefs": [
          "TREBLE",
          "BASS"
        ]
      },
      {
        "bbox": {
          "left": 0.047456640750169754,
          "top": 0.378653883934021,
          "width": 0.3524332158267498,
          "height": 0.13805317878723145,
          "score": null
        },
        "key_signature": "C_MAJOR",
        "clefs": [
          "TREBLE",
          "BASS"
        ]
      },
      {
        "bbox": {
          "left": 0.3768043518066406,
          "top": 0.3822406828403473,
          "width": 0.2988681197166443,
          "height": 0.13609579205513,
          "score": null
        },
        "key_signature": "C_MAJOR",
        "clefs": [
          "TREBLE",
          "BASS"
        ]
      },
      {
        "bbox": {
          "left": 0.6503459811210632,
          "top": 0.3789580762386322,
          "width": 0.3060644865036011,
          "height": 0.13861039280891418,
          "score": null
        },
        "key_signature": "C_MAJOR",
        "clefs": [
          "TREBLE",
          "BASS"
        ]
      },
      {
        "bbox": {
          "left": 0.0456642284989357,
          "top": 0.5205618143081665,
          "width": 0.35904913395643234,
          "height": 0.14223140478134155,
          "score": null
        },
        "key_signature": "C_MAJOR",
        "clefs": [
          "TREBLE",
          "BASS"
        ]
      },
      {
        "bbox": {
          "left": 0.37410789728164673,
          "top": 0.5189526081085205,
          "width": 0.29820919036865234,
          "height": 0.14156633615493774,
          "score": null
        },
        "key_signature": "C_MAJOR",
        "clefs": [
          "TREBLE",
          "BASS"
        ]
      },
      {
        "bbox": {
          "left": 0.6456165909767151,
          "top": 0.5181267261505127,
          "width": 0.31196361780166626,
          "height": 0.1401030421257019,
          "score": null
        },
        "key_signature": "C_MAJOR",
        "clefs": [
          "TREBLE",
          "BASS"
        ]
      },
      {
        "bbox": {
          "left": 0.04315916821360588,
          "top": 0.6606493592262268,
          "width": 0.35442059114575386,
          "height": 0.1433042287826538,
          "score": null
        },
        "key_signature": "C_MAJOR",
        "clefs": [
          "TREBLE",
          "BASS"
        ]
      },
      {
        "bbox": {
          "left": 0.3727223873138428,
          "top": 0.6582304835319519,
          "width": 0.3015291094779968,
          "height": 0.14373630285263062,
          "score": null
        },
        "key_signature": "C_MAJOR",
        "clefs": [
          "TREBLE",
          "BASS"
        ]
      },
      {
        "bbox": {
          "left": 0.6526286602020264,
          "top": 0.6590669751167297,
          "width": 0.30466336011886597,
          "height": 0.14487820863723755,
          "score": null
        },
        "key_signature": "C_MAJOR",
        "clefs": [
          "TREBLE",
          "BASS"
        ]
      },
      {
        "bbox": {
          "left": 0.04537618160247803,
          "top": 0.8051499128341675,
          "width": 0.36229389905929565,
          "height": 0.14349663257598877,
          "score": null
        },
        "key_signature": "C_MAJOR",
        "clefs": [
          "TREBLE",
          "BASS"
        ]
      },
      {
        "bbox": {
          "left": 0.37867122888565063,
          "top": 0.8043846487998962,
          "width": 0.29853183031082153,
          "height": 0.1435423493385315,
          "score": null
        },
        "key_signature": "C_MAJOR",
        "clefs": [
          "TREBLE",
          "BASS"
        ]
      },
      {
        "bbox": {
          "left": 0.6534416079521179,
          "top": 0.803210973739624,
          "width": 0.30271321535110474,
          "height": 0.14278286695480347,
          "score": null
        },
        "key_signature": "C_MAJOR",
        "clefs": [
          "TREBLE",
          "BASS"
        ]
      }
    ],
    "num_staves": null
  },
  {
    "measures": [
      {
        "bbox": {
          "left": 0.04721631482243538,
          "top": 0.03891308605670929,
          "width": 0.3653741590678692,
          "height": 0.13383075594902039,
          "score": null
        },
        "key_signature": "C_MAJOR",
        "clefs": [
          "TREBLE",
          "BASS"
        ]
      },
      {
        "bbox": {
          "left": 0.37949591875076294,
          "top": 0.03812817856669426,
          "width": 0.29094940423965454,
          "height": 0.13710837438702583,
          "score": null
        },
        "key_signature": "C_MAJOR",
        "clefs": [
          "TREBLE",
          "BASS"
        ]
      },
      {
        "bbox": {
          "left": 0.6434820294380188,
          "top": 0.034653399139642715,
          "width": 0.31515222787857056,
          "height": 0.141629870980978,
          "score": null
        },
        "key_signature": "C_MAJOR",
        "clefs": [
          "TREBLE",
          "BASS"
        ]
      },
      {
        "bbox": {
          "left": 0.04681214690208435,
          "top": 0.17096348106861115,
          "width": 0.36587920784950256,
          "height": 0.1476854830980301,
          "score": null
        },
        "key_signature": "C_MAJOR",
        "clefs": [
          "TREBLE",
          "BASS"
        ]
      },
      {
        "bbox": {
          "left": 0.38476160168647766,
          "top": 0.17115341126918793,
          "width": 0.30054518580436707,
          "height": 0.14460791647434235,
          "score": null
        },
        "key_signature": "C_MAJOR",
        "clefs": [
          "TREBLE",
          "BASS"
        ]
      },
      {
        "bbox": {
          "left": 0.6620877981185913,
          "top": 0.17178408801555634,
          "width": 0.29149842262268066,
          "height": 0.14219556748867035,
          "score": null
        },
        "key_signature": "C_MAJOR",
        "clefs": [
          "TREBLE",
          "BASS"
        ]
      },
      {
        "bbox": {
          "left": 0.04605027660727501,
          "top": 0.31748318672180176,
          "width": 0.35848138108849525,
          "height": 0.14716309309005737,
          "score": null
        },
        "key_signature": "C_MAJOR",
        "clefs": [
          "TREBLE",
          "BASS"
        ]
      },
      {
        "bbox": {
          "left": 0.38037532567977905,
          "top": 0.3174399137496948,
          "width": 0.29538583755493164,
          "height": 0.14372771978378296,
          "score": null
        },
        "key_signature": "C_MAJOR",
        "clefs": [
          "TREBLE",
          "BASS"
        ]
      },
      {
        "bbox": {
          "left": 0.6551238894462585,
          "top": 0.31677791476249695,
          "width": 0.30052196979522705,
          "height": 0.14478909969329834,
          "score": null
        },
        "key_signature": "C_MAJOR",
        "clefs": [
          "TREBLE",
          "BASS"
        ]
      },
      {
        "bbox": {
          "left": 0.04198472574353218,
          "top": 0.46012192964553833,
          "width": 0.3747011832892895,
          "height": 0.1462799310684204,
          "score": null
        },
        "key_signature": "C_MAJOR",
        "clefs": [
          "TREBLE",
          "BASS"
        ]
      },
      {
        "bbox": {
          "left": 0.38555559515953064,
          "top": 0.4600437879562378,
          "width": 0.30172303318977356,
          "height": 0.1451650857925415,
          "score": null
        },
        "key_signature": "C_MAJOR",
        "clefs": [
          "TREBLE",
          "BASS"
        ]
      },
      {
        "bbox": {
          "left": 0.6644039750099182,
          "top": 0.45882946252822876,
          "width": 0.2950096130371094,
          "height": 0.14753377437591553,
          "score": null
        },
        "key_signature": "C_MAJOR",
        "clefs": [
          "TREBLE",
          "BASS"
        ]
      },
      {
        "bbox": {
          "left": 0.048000678420066833,
          "top": 0.6072857975959778,
          "width": 0.34302471578121185,
          "height": 0.1438523530960083,
          "score": null
        },
        "key_signature": "C_MAJOR",
        "clefs": [
          "TREBLE",
          "BASS"
        ]
      },
      {
        "bbox": {
          "left": 0.3623511791229248,
          "top": 0.606526792049408,
          "width": 0.2979881763458252,
          "height": 0.14481908082962036,
          "score": null
        },
        "key_signature": "C_MAJOR",
        "clefs": [
          "TREBLE",
          "BASS"
        ]
      },
      {
        "bbox": {
          "left": 0.6417942047119141,
          "top": 0.6068423986434937,
          "width": 0.3151770234107971,
          "height": 0.14907413721084595,
          "score": null
        },
        "key_signature": "C_MAJOR",
        "clefs": [
          "TREBLE",
          "BASS"
        ]
      },
      {
        "bbox": {
          "left": 0.045273564755916595,
          "top": 0.7472767233848572,
          "width": 0.365338034927845,
          "height": 0.15125292539596558,
          "score": null
        },
        "key_signature": "C_MAJOR",
        "clefs": [
          "TREBLE",
          "BASS"
        ]
      },
      {
        "bbox": {
          "left": 0.37668219208717346,
          "top": 0.7511549592018127,
          "width": 0.14067283272743225,
          "height": 0.14423996210098267,
          "score": null
        },
        "key_signature": "C_MAJOR",
        "clefs": [
          "TREBLE",
          "BASS"
        ]
      }
    ],
    "num_staves": null
  }
]