[
  {
    "measures": [],
    "num_staves": null
  },
  {
    "measures": [],
    "num_staves": null
  },
  {
    "measures": [
      {
        "bbox": {
          "left": 0.11335363239049911,
          "top": 0.12854275107383728,
          "width": 0.1248951181769371,
          "height": 0.12784677743911743,
          "score": null
        },
        "key_signature": "C_MAJOR",
        "clefs": [
          "TREBLE",
          "BASS"
        ]
      },
      {
        "bbox": {
          "left": 0.21681168675422668,
          "top": 0.12545478343963623,
          "width": 0.19544663927134345,
          "height": 0.12674099206924438,
          "score": null
        },
        "key_signature": "C_MAJOR",
        "clefs": [
          "TREBLE",
          "BASS"
        ]
      },
      {
        "bbox": {
          "left": 0.39764109851893237,
          "top": 0.12545478343963623,
          "width": 0.18108781574193192,
          "height": 0.12674099206924438,
          "score": null
        },
        "key_signature": "C_MAJOR",
        "clefs": [
          "TREBLE",
          "BASS"
        ]
      },
      {
        "bbox": {
          "left": 0.5558584332466125,
          "top": 0.12775276601314545,
          "width": 0.1950368735201228,
          "height": 0.12358297407627106,
          "score": null
        },
        "key_signature": "C_MAJOR",
        "clefs": [
          "TREBLE",
          "BASS"
        ]
      },
      {
        "bbox": {
          "left": 0.7411764705882353,
          "top": 0.12775276601314545,
          "width": 0.18620707147261675,
          "height": 0.12358297407627106,
          "score": null
        },
        "key_signature": "C_MAJOR",
        "clefs": [
          "TREBLE",
          "BASS"
        ]
      },
      {
        "bbox": {
          "left": 0.05418766289949417,
          "top": 0.26803022623062134,
          "width": 0.4157499000430107,
          "height": 0.15409857034683228,
          "score": null
        },
        "key_signature": "C_MAJOR",
        "clefs": [
          "TREBLE",
          "BASS"
        ]
      },
      {
        "bbox": {
          "left": 0.4312473237514496,
          "top": 0.2657305896282196,
          "width": 0.21609740025856916,
          "height": 0.15456685423851013,
          "score": null
        },
        "key_signature": "C_MAJOR",
        "clefs": [
          "TREBLE",
          "BASS"
        ]
      },
      {
        "bbox": {
          "left": 0.6177179119867438,
          "top": 0.2657305896282196,
          "width": 0.31845034143503975,
          "height": 0.15456685423851013,
          "score": null
        },
        "key_signature": "C_MAJOR",
        "clefs": [
          "TREBLE",
          "BASS"
        ]
      },
      {
        "bbox": {
          "left": 0.05875672772526741,
          "top": 0.4257866144180298,
          "width": 0.390047412365675,
          "height": 0.14811187982559204,
          "score": null
        },
        "key_signature": "C_MAJOR",
        "clefs": [
          "TREBLE",
          "BASS"
        ]
      },
      {
        "bbox": {
          "left": 0.40557050704956055,
          "top": 0.4228731095790863,
          "width": 0.3008219679664163,
          "height": 0.15344098210334778,
          "score": null
        },
        "key_signature": "C_MAJOR",
        "clefs": [
          "TREBLE",
          "BASS"
        ]
      },
      {
        "bbox": {
          "left": 0.7061587423436781,
          "top": 0.4228731095790863,
          "width": 0.21611608561347512,
          "height": 0.15344098210334778,
          "score": null
        },
        "key_signature": "C_MAJOR",
        "clefs": [
          "TREBLE",
          "BASS"
        ]
      },
      {
        "bbox": {
          "left": 0.06067363917827606,
          "top": 0.5847809314727783,
          "width": 0.11635379654519698,
          "height": 0.14974474906921387,
          "score": null
        },
        "key_signature": "C_MAJOR",
        "clefs": [
          "TREBLE",
          "BASS"
        ]
      },
      {
        "bbox": {
          "left": 0.17655599211945253,
          "top": 0.5847809314727783,
          "width": 0.17341262007460875,
          "height": 0.14974474906921387,
          "score": null
        },
        "key_signature": "C_MAJOR",
        "clefs": [
          "TREBLE",
          "BASS"
        ]
      },
      {
        "bbox": {
          "left": 0.32926300168037415,
          "top": 0.5843210816383362,
          "width": 0.21115633845329285,
          "height": 0.15104562044143677,
          "score": null
        },
        "key_signature": "C_MAJOR",
        "clefs": [
          "TREBLE",
          "BASS"
        ]
      },
      {
        "bbox": {
          "left": 0.5203877687454224,
          "top": 0.5885266065597534,
          "width": 0.21985405683517456,
          "height": 0.1427212357521057,
          "score": null
        },
        "key_signature": "C_MAJOR",
        "clefs": [
          "TREBLE",
          "BASS"
        ]
      },
      {
        "bbox": {
          "left": 0.7175236344337463,
          "top": 0.5913891196250916,
          "width": 0.21604621410369873,
          "height": 0.1462119221687317,
          "score": null
        },
        "key_signature": "C_MAJOR",
        "clefs": [
          "TREBLE",
          "BASS"
        ]
      },
      {
        "bbox": {
          "left": 0.05858215317130089,
          "top": 0.7399472594261169,
          "width": 0.2650191622709527,
          "height": 0.1647917628288269,
          "score": null
        },
        "key_signature": "C_MAJOR",
        "clefs": [
          "TREBLE",
          "BASS"
        ]
      },
      {
        "bbox": {
          "left": 0.32387627081835973,
          "top": 0.7399472594261169,
          "width": 0.29384269168271737,
          "height": 0.1647917628288269,
          "score": null
        },
        "key_signature": "C_MAJOR",
        "clefs": [
          "TREBLE",
          "BASS"
        ]
      },
      {
        "bbox": {
          "left": 0.6179939178771833,
          "top": 0.7399472594261169,
          "width": 0.3385485740356586,
          "height": 0.1647917628288269,
          "score": null
        },
        "key_signature": "C_MAJOR",
        "clefs": [
          "TREBLE",
          "BASS"
        ]
      }
    ],
    "num_staves": null
  },
  {
    "measures": [
      {
        "bbox": {
          "left": 0.058337606489658356,
          "top": 0.03797418624162674,
          "width": 0.34668248146772385,
          "height": 0.1404212787747383,
          "score": null
        },
        "key_signature": "C_MAJOR",
        "clefs": [
          "TREBLE",
          "BASS"
        ]
      },
      {
        "bbox": {
          "left": 0.3873903453350067,
          "top": 0.0419984869658947,
          "width": 0.16537252068519592,
          "height": 0.1356644220650196,
          "score": null
        },
        "key_signature": "C_MAJOR",
        "clefs": [
          "TREBLE",
          "BASS"
        ]
      },
      {
        "bbox": {
          "left": 0.5355565547943115,
          "top": 0.037929266691207886,
          "width": 0.20910775661468506,
          "height": 0.14282217621803284,
          "score": null
        },
        "key_signature": "C_MAJOR",
        "clefs": [
          "TREBLE",
          "BASS"
        ]
      },
      {
        "bbox": {
          "left": 0.7233055233955383,
          "top": 0.04478593170642853,
          "width": 0.20551753044128418,
          "height": 0.13585472106933594,
          "score": null
        },
        "key_signature": "C_MAJOR",
        "clefs": [
          "TREBLE",
          "BASS"
        ]
      },
      {
        "bbox": {
          "left": 0.05220034345984459,
          "top": 0.18367567658424377,
          "width": 0.2317543663084507,
          "height": 0.13530373573303223,
          "score": null
        },
        "key_signature": "C_MAJOR",
        "clefs": [
          "TREBLE",
          "BASS"
        ]
      },
      {
        "bbox": {
          "left": 0.2704242467880249,
          "top": 0.18591658771038055,
          "width": 0.17082983521854175,
          "height": 0.13084916770458221,
          "score": null
        },
        "key_signature": "C_MAJOR",
        "clefs": [
          "TREBLE",
          "BASS"
        ]
      },
      {
        "bbox": {
          "left": 0.4416007173762602,
          "top": 0.18591658771038055,
          "width": 0.1549474822773653,
          "height": 0.13084916770458221,
          "score": null
        },
        "key_signature": "C_MAJOR",
        "clefs": [
          "TREBLE",
          "BASS"
        ]
      },
      {
        "bbox": {
          "left": 0.5825920701026917,
          "top": 0.1861618608236313,
          "width": 0.15914634550318998,
          "height": 0.12629728019237518,
          "score": null
        },
        "key_signature": "C_MAJOR",
        "clefs": [
          "TREBLE",
          "BASS"
        ]
      },
      {
        "bbox": {
          "left": 0.7414155995144563,
          "top": 0.1861618608236313,
          "width": 0.18620516903260176,
          "height": 0.12629728019237518,
          "score": null
        },
        "key_signature": "C_MAJOR",
        "clefs": [
          "TREBLE",
          "BASS"
        ]
      },
      {
        "bbox": {
          "left": 0.061547599732875824,
          "top": 0.3244003355503082,
          "width": 0.29229215532541275,
          "height": 0.13300183415412903,
          "score": null
        },
        "key_signature": "C_MAJOR",
        "clefs": [
          "TREBLE",
          "BASS"
        ]
      },
      {
        "bbox": {
          "left": 0.3303031623363495,
          "top": 0.3186536133289337,
          "width": 0.3832051455974579,
          "height": 0.1456119418144226,
          "score": null
        },
        "key_signature": "C_MAJOR",
        "clefs": [
          "TREBLE",
          "BASS"
        ]
      },
      {
        "bbox": {
          "left": 0.6922351121902466,
          "top": 0.3198544681072235,
          "width": 0.23168665170669556,
          "height": 0.1434037983417511,
          "score": null
        },
        "key_signature": "C_MAJOR",
        "clefs": [
          "TREBLE",
          "BASS"
        ]
      },
      {
        "bbox": {
          "left": 0.11681194603443146,
          "top": 0.47537222504615784,
          "width": 0.23035751283168793,
          "height": 0.15360650420188904,
          "score": null
        },
        "key_signature": "C_MAJOR",
        "clefs": [
          "TREBLE",
          "TREBLE"
        ]
      },
      {
        "bbox": {
          "left": 0.33158859610557556,
          "top": 0.47555360198020935,
          "width": 0.2038988173007965,
          "height": 0.1509922444820404,
          "score": null
        },
        "key_signature": "C_MAJOR",
        "clefs": [
          "TREBLE",
          "TREBLE"
        ]
      },
      {
        "bbox": {
          "left": 0.5149258375167847,
          "top": 0.4723634421825409,
          "width": 0.23924297094345093,
          "height": 0.1546219289302826,
          "score": null
        },
        "key_signature": "C_MAJOR",
        "clefs": [
          "TREBLE",
          "TREBLE"
        ]
      },
      {
        "bbox": {
          "left": 0.7343388795852661,
          "top": 0.4776701331138611,
          "width": 0.19524741172790527,
          "height": 0.15210407972335815,
          "score": null
        },
        "key_signature": "C_MAJOR",
        "clefs": [
          "TREBLE",
          "TREBLE"
        ]
      },
      {
        "bbox": {
          "left": 0.06470613926649094,
          "top": 0.6316128969192505,
          "width": 0.2294751679315285,
          "height": 0.1435651183128357,
          "score": null
        },
        "key_signature": "C_MAJOR",
        "clefs": [
          "TREBLE",
          "TREBLE"
        ]
      },
      {
        "bbox": {
          "left": 0.2941179039723733,
          "top": 0.6316128969192505,
          "width": 0.2265398738138816,
          "height": 0.1435651183128357,
          "score": null
        },
        "key_signature": "C_MAJOR",
        "clefs": [
          "TREBLE",
          "TREBLE"
        ]
      },
      {
        "bbox": {
          "left": 0.5050251483917236,
          "top": 0.6343137621879578,
          "width": 0.29864585399627686,
          "height": 0.14339756965637207,
          "score": null
        },
        "key_signature": "C_MAJOR",
        "clefs": [
          "TREBLE",
          "TREBLE"
        ]
      },
      {
        "bbox": {
          "left": 0.7951918840408325,
          "top": 0.6391152739524841,
          "width": 0.12587684392929077,
          "height": 0.13533276319503784,
          "score": null
        },
        "key_signature": "C_MAJOR",
        "clefs": [
          "TREBLE",
          "BASS"
        ]
      },
      {
        "bbox": {
          "left": 0.054412841796875,
          "top": 0.7825916409492493,
          "width": 0.2489681839942932,
          "height": 0.14120811223983765,
          "score": null
        },
        "key_signature": "C_MAJOR",
        "clefs": [
          "TREBLE",
          "BASS"
        ]
      },
      {
        "bbox": {
          "left": 0.28865691069294425,
          "top": 0.7809262275695801,
          "width": 0.1941029931867824,
          "height": 0.14395803213119507,
          "score": null
        },
        "key_signature": "C_MAJOR",
        "clefs": [
          "TREBLE",
          "BASS"
        ]
      },
      {
        "bbox": {
          "left": 0.48277455775176775,
          "top": 0.7809262275695801,
          "width": 0.1941029931867824,
          "height": 0.14395803213119507,
          "score": null
        },
        "key_signature": "C_MAJOR",
        "clefs": [
          "TREBLE",
          "BASS"
        ]
      },
      {
        "bbox": {
          "left": 0.6768922048105913,
          "top": 0.7809262275695801,
          "width": 0.27233828730442944,
          "height": 0.14395803213119507,
          "score": null
        },
        "key_signature": "C_MAJOR",
        "clefs": [
          "TREBLE",
          "BASS"
        ]
      }
    ],
    "num_staves": null
  },
  {
    "measures": [
      {
        "bbox": {
          "left": 0.0795336440205574,
          "top": 0.046851012855768204,
          "width": 0.24416512024753234,
          "height": 0.13386191055178642,
          "score": null
        },
        "key_signature": "C_MAJOR",
        "clefs": [
          "TREBLE",
          "BASS"
        ]
      },
      {
        "bbox": {
          "left": 0.32365129107938095,
          "top": 0.046851012855768204,
          "width": 0.262988649659297,
          "height": 0.13386191055178642,
          "score": null
        },
        "key_signature": "C_MAJOR",
        "clefs": [
          "TREBLE",
          "BASS"
        ]
      },
      {
        "bbox": {
          "left": 0.5560176372528076,
          "top": 0.04834020510315895,
          "width": 0.2656548023223877,
          "height": 0.1353089176118374,
          "score": null
        },
        "key_signature": "C_MAJOR",
        "clefs": [
          "TREBLE",
          "BASS"
        ]
      },
      {
        "bbox": {
          "left": 0.8045166730880737,
          "top": 0.03892437368631363,
          "width": 0.1223987340927124,
          "height": 0.1480511948466301,
          "score": null
        },
        "key_signature": "C_MAJOR",
        "clefs": [
          "TREBLE",
          "BASS"
        ]
      },
      {
        "bbox": {
          "left": 0.053790170699357986,
          "top": 0.1797357052564621,
          "width": 0.23123959824442863,
          "height": 0.14259152114391327,
          "score": null
        },
        "key_signature": "C_MAJOR",
        "clefs": [
          "TREBLE",
          "TREBLE"
        ]
      },
      {
        "bbox": {
          "left": 0.2638067901134491,
          "top": 0.18024638295173645,
          "width": 0.22688984870910645,
          "height": 0.14432227611541748,
          "score": null
        },
        "key_signature": "C_MAJOR",
        "clefs": [
          "TREBLE",
          "TREBLE"
        ]
      },
      {
        "bbox": {
          "left": 0.46930772066116333,
          "top": 0.18148985505104065,
          "width": 0.24849784360212437,
          "height": 0.14225450158119202,
          "score": null
        },
        "key_signature": "C_MAJOR",
        "clefs": [
          "TREBLE",
          "TREBLE"
        ]
      },
      {
        "bbox": {
          "left": 0.718131250072928,
          "top": 0.18148985505104065,
          "width": 0.20202725536683028,
          "height": 0.14225450158119202,
          "score": null
        },
        "key_signature": "C_MAJOR",
        "clefs": [
          "TREBLE",
          "TREBLE"
        ]
      },
      {
        "bbox": {
          "left": 0.05500165373086929,
          "top": 0.3218812346458435,
          "width": 0.232928566634655,
          "height": 0.14501944184303284,
          "score": null
        },
        "key_signature": "C_MAJOR",
        "clefs": [
          "TREBLE",
          "TREBLE"
        ]
      },
      {
        "bbox": {
          "left": 0.27115529775619507,
          "top": 0.3181121349334717,
          "width": 0.23116672039031982,
          "height": 0.15234601497650146,
          "score": null
        },
        "key_signature": "C_MAJOR",
        "clefs": [
          "TREBLE",
          "TREBLE"
        ]
      },
      {
        "bbox": {
          "left": 0.4831834137439728,
          "top": 0.32319721579551697,
          "width": 0.2972484529018402,
          "height": 0.14700350165367126,
          "score": null
        },
        "key_signature": "C_MAJOR",
        "clefs": [
          "TREBLE",
          "TREBLE"
        ]
      },
      {
        "bbox": {
          "left": 0.7594673037528992,
          "top": 0.3250308036804199,
          "width": 0.12203449010848999,
          "height": 0.1447886824607849,
          "score": null
        },
        "key_signature": "C_MAJOR",
        "clefs": [
          "TREBLE",
          "BASS"
        ]
      },
      {
        "bbox": {
          "left": 0.05955968424677849,
          "top": 0.4647125005722046,
          "width": 0.20571553816690163,
          "height": 0.1438315510749817,
          "score": null
        },
        "key_signature": "E_FLAT_MAJOR",
        "clefs": [
          "TREBLE",
          "BASS"
        ]
      },
      {
        "bbox": {
          "left": 0.26485380189383734,
          "top": 0.4647125005722046,
          "width": 0.15924494993160754,
          "height": 0.1438315510749817,
          "score": null
        },
        "key_signature": "E_FLAT_MAJOR",
        "clefs": [
          "TREBLE",
          "BASS"
        ]
      },
      {
        "bbox": {
          "left": 0.41779497836442553,
          "top": 0.4647125005722046,
          "width": 0.1415978911080781,
          "height": 0.1438315510749817,
          "score": null
        },
        "key_signature": "E_FLAT_MAJOR",
        "clefs": [
          "TREBLE",
          "BASS"
        ]
      },
      {
        "bbox": {
          "left": 0.5334367752075195,
          "top": 0.4751114547252655,
          "width": 0.1320890188217163,
          "height": 0.13267382979393005,
          "score": null
        },
        "key_signature": "E_FLAT_MAJOR",
        "clefs": [
          "TREBLE",
          "BASS"
        ]
      },
      {
        "bbox": {
          "left": 0.6456203460693359,
          "top": 0.4728579521179199,
          "width": 0.1409926414489746,
          "height": 0.13201892375946045,
          "score": null
        },
        "key_signature": "E_FLAT_MAJOR",
        "clefs": [
          "TREBLE",
          "BASS"
        ]
      },
      {
        "bbox": {
          "left": 0.7670688629150391,
          "top": 0.47565245628356934,
          "width": 0.16110068559646606,
          "height": 0.13167637586593628,
          "score": null
        },
        "key_signature": "E_FLAT_MAJOR",
        "clefs": [
          "TREBLE",
          "BASS"
        ]
      },
      {
        "bbox": {
          "left": 0.0619739405810833,
          "top": 0.6098353266716003,
          "width": 0.29180382564663887,
          "height": 0.1495833396911621,
          "score": null
        },
        "key_signature": "E_FLAT_MAJOR",
        "clefs": [
          "TREBLE",
          "BASS"
        ]
      },
      {
        "bbox": {
          "left": 0.3365277051925659,
          "top": 0.607801079750061,
          "width": 0.10731330513954163,
          "height": 0.14679795503616333,
          "score": null
        },
        "key_signature": "E_FLAT_MAJOR",
        "clefs": [
          "TREBLE",
          "BASS"
        ]
      },
      {
        "bbox": {
          "left": 0.4279032349586487,
          "top": 0.608160138130188,
          "width": 0.16917991638183594,
          "height": 0.14656490087509155,
          "score": null
        },
        "key_signature": "C_MAJOR",
        "clefs": [
          "TREBLE",
          "TREBLE"
        ]
      },
      {
        "bbox": {
          "left": 0.5792037844657898,
          "top": 0.6055163741111755,
          "width": 0.16639113426208496,
          "height": 0.1437002420425415,
          "score": null
        },
        "key_signature": "C_MAJOR",
        "clefs": [
          "TREBLE",
          "TREBLE"
        ]
      },
      {
        "bbox": {
          "left": 0.7324787378311157,
          "top": 0.6103285551071167,
          "width": 0.1946616768836975,
          "height": 0.13870757818222046,
          "score": null
        },
        "key_signature": "C_MAJOR",
        "clefs": [
          "TREBLE",
          "TREBLE"
        ]
      },
      {
        "bbox": {
          "left": 0.07132202386856079,
          "top": 0.7564194202423096,
          "width": 0.19363547872094544,
          "height": 0.14654433727264404,
          "score": null
        },
        "key_signature": "C_MAJOR",
        "clefs": [
          "TREBLE",
          "TREBLE"
        ]
      },
      {
        "bbox": {
          "left": 0.2648514356332667,
          "top": 0.7564194202423096,
          "width": 0.1765766551915337,
          "height": 0.14654433727264404,
          "score": null
        },
        "key_signature": "C_MAJOR",
        "clefs": [
          "TREBLE",
          "TREBLE"
        ]
      },
      {
        "bbox": {
          "left": 0.43245143563326643,
          "top": 0.7564194202423096,
          "width": 0.18074136107388686,
          "height": 0.14654433727264404,
          "score": null
        },
        "key_signature": "C_MAJOR",
        "clefs": [
          "TREBLE",
          "TREBLE"
        ]
      },
      {
        "bbox": {
          "left": 0.5842679738998413,
          "top": 0.7512833476066589,
          "width": 0.2478649616241455,
          "height": 0.1521880030632019,
          "score": null
        },
        "key_signature": "C_MAJOR",
        "clefs": [
          "TREBLE",
          "TREBLE"
        ]
      },
      {
        "bbox": {
          "left": 0.8131716847419739,
          "top": 0.743872880935669,
          "width": 0.11496150493621826,
          "height": 0.15704816579818726,
          "score": null
        },
        "key_signature": "C_MAJOR",
        "clefs": [
          "TREBLE",
          "BASS"
        ]
      }
    ],
    "num_staves": null
  },
  {
    "measures": [
      {
        "bbox": {
          "left": 0.10824289917945862,
          "top": 0.07239863276481628,
          "width": 0.19067135453224182,
          "height": 0.12275713682174683,
          "score": null
        },
        "key_signature": "C_MAJOR",
        "clefs": [
          "TREBLE",
          "BASS"
        ]
      },
      {
        "bbox": {
          "left": 0.2838720679283142,
          "top": 0.0765969380736351,
          "width": 0.15342694520950317,
          "height": 0.1195148304104805,
          "score": null
        },
        "key_signature": "C_MAJOR",
        "clefs": [
          "TREBLE",
          "BASS"
        ]
      },
      {
        "bbox": {
          "left": 0.4241187274456024,
          "top": 0.07729640603065491,
          "width": 0.11323383450508118,
          "height": 0.11570268869400024,
          "score": null
        },
        "key_signature": "C_MAJOR",
        "clefs": [
          "TREBLE",
          "BASS"
        ]
      },
      {
        "bbox": {
          "left": 0.5272002220153809,
          "top": 0.07769626379013062,
          "width": 0.14621025323867798,
          "height": 0.11275871098041534,
          "score": null
        },
        "key_signature": "C_MAJOR",
        "clefs": [
          "TREBLE",
          "BASS"
        ]
      },
      {
        "bbox": {
          "left": 0.6640331149101257,
          "top": 0.07366014271974564,
          "width": 0.11689954996109009,
          "height": 0.12061125785112381,
          "score": null
        },
        "key_signature": "C_MAJOR",
        "clefs": [
          "TREBLE",
          "BASS"
        ]
      },
      {
        "bbox": {
          "left": 0.7654769420623779,
          "top": 0.06957237422466278,
          "width": 0.16166198253631592,
          "height": 0.1253773272037506,
          "score": null
        },
        "key_signature": "C_MAJOR",
        "clefs": [
          "TREBLE",
          "BASS"
        ]
      },
      {
        "bbox": {
          "left": 0.05803642421960831,
          "top": 0.19422952830791473,
          "width": 0.17775826126477287,
          "height": 0.14135803282260895,
          "score": null
        },
        "key_signature": "C_MAJOR",
        "clefs": [
          "TREBLE",
          "BASS"
        ]
      },
      {
        "bbox": {
          "left": 0.2239187771607848,
          "top": 0.19422952830791473,
          "width": 0.1548523789118318,
          "height": 0.14135803282260895,
          "score": null
        },
        "key_signature": "C_MAJOR",
        "clefs": [
          "TREBLE",
          "BASS"
        ]
      },
      {
        "bbox": {
          "left": 0.36698248982429504,
          "top": 0.1991366147994995,
          "width": 0.15753498673439026,
          "height": 0.1364995539188385,
          "score": null
        },
        "key_signature": "C_MAJOR",
        "clefs": [
          "TREBLE",
          "BASS"
        ]
      },
      {
        "bbox": {
          "left": 0.51241534948349,
          "top": 0.1995457410812378,
          "width": 0.16427459422279805,
          "height": 0.13358432054519653,
          "score": null
        },
        "key_signature": "C_MAJOR",
        "clefs": [
          "TREBLE",
          "BASS"
        ]
      },
      {
        "bbox": {
          "left": 0.6588859377187841,
          "top": 0.1995457410812378,
          "width": 0.1172157706933863,
          "height": 0.13358432054519653,
          "score": null
        },
        "key_signature": "C_MAJOR",
        "clefs": [
          "TREBLE",
          "BASS"
        ]
      },
      {
        "bbox": {
          "left": 0.763526439666748,
          "top": 0.20266860723495483,
          "width": 0.16365653276443481,
          "height": 0.13049909472465515,
          "score": null
        },
        "key_signature": "C_MAJOR",
        "clefs": [
          "TREBLE",
          "BASS"
        ]
      },
      {
        "bbox": {
          "left": 0.04964219406247139,
          "top": 0.34337878227233887,
          "width": 0.1736878864467144,
          "height": 0.13680684566497803,
          "score": null
        },
        "key_signature": "C_MAJOR",
        "clefs": [
          "TREBLE",
          "BASS"
        ]
      },
      {
        "bbox": {
          "left": 0.21124495565891266,
          "top": 0.3388594686985016,
          "width": 0.14171620533746832,
          "height": 0.13944518566131592,
          "score": null
        },
        "key_signature": "C_MAJOR",
        "clefs": [
          "TREBLE",
          "BASS"
        ]
      },
      {
        "bbox": {
          "left": 0.3530096615412656,
          "top": 0.3388594686985016,
          "width": 0.16230444063158597,
          "height": 0.13944518566131592,
          "score": null
        },
        "key_signature": "C_MAJOR",
        "clefs": [
          "TREBLE",
          "BASS"
        ]
      },
      {
        "bbox": {
          "left": 0.5051467418670654,
          "top": 0.33811014890670776,
          "width": 0.14629071950912476,
          "height": 0.13801518082618713,
          "score": null
        },
        "key_signature": "C_MAJOR",
        "clefs": [
          "TREBLE",
          "BASS"
        ]
      },
      {
        "bbox": {
          "left": 0.641007661819458,
          "top": 0.33394888043403625,
          "width": 0.15341551991070018,
          "height": 0.14511319994926453,
          "score": null
        },
        "key_signature": "C_MAJOR",
        "clefs": [
          "TREBLE",
          "BASS"
        ]
      },
      {
        "bbox": {
          "left": 0.7945370735841639,
          "top": 0.33394888043403625,
          "width": 0.13459199049893547,
          "height": 0.14511319994926453,
          "score": null
        },
        "key_signature": "C_MAJOR",
        "clefs": [
          "TREBLE",
          "BASS"
        ]
      },
      {
        "bbox": {
          "left": 0.060388464480638504,
          "top": 0.486963152885437,
          "width": 0.20443192779141314,
          "height": 0.13972562551498413,
          "score": null
        },
        "key_signature": "C_MAJOR",
        "clefs": [
          "TREBLE",
          "BASS"
        ]
      },
      {
        "bbox": {
          "left": 0.2650943468335797,
          "top": 0.486963152885437,
          "width": 0.17737310426200137,
          "height": 0.13972562551498413,
          "score": null
        },
        "key_signature": "C_MAJOR",
        "clefs": [
          "TREBLE",
          "BASS"
        ]
      },
      {
        "bbox": {
          "left": 0.42208123207092285,
          "top": 0.4868747591972351,
          "width": 0.1772075891494751,
          "height": 0.14044684171676636,
          "score": null
        },
        "key_signature": "C_MAJOR",
        "clefs": [
          "TREBLE",
          "BASS"
        ]
      },
      {
        "bbox": {
          "left": 0.5862096548080444,
          "top": 0.48796579241752625,
          "width": 0.17591708898544312,
          "height": 0.14088508486747742,
          "score": null
        },
        "key_signature": "C_MAJOR",
        "clefs": [
          "TREBLE",
          "BASS"
        ]
      },
      {
        "bbox": {
          "left": 0.7464592456817627,
          "top": 0.48823097348213196,
          "width": 0.18007570505142212,
          "height": 0.14709356427192688,
          "score": null
        },
        "key_signature": "C_MAJOR",
        "clefs": [
          "TREBLE",
          "BASS"
        ]
      },
      {
        "bbox": {
          "left": 0.0574202723801136,
          "top": 0.6250487565994263,
          "width": 0.2005280964076519,
          "height": 0.15150701999664307,
          "score": null
        },
        "key_signature": "C_MAJOR",
        "clefs": [
          "TREBLE",
          "BASS"
        ]
      },
      {
        "bbox": {
          "left": 0.2467876523733139,
          "top": 0.6275194883346558,
          "width": 0.10836298763751984,
          "height": 0.14393240213394165,
          "score": null
        },
        "key_signature": "C_MAJOR",
        "clefs": [
          "TREBLE",
          "BASS"
        ]
      },
      {
        "bbox": {
          "left": 0.3426159620285034,
          "top": 0.6283097863197327,
          "width": 0.12728649377822876,
          "height": 0.14224576950073242,
          "score": null
        },
        "key_signature": "C_MAJOR",
        "clefs": [
          "TREBLE",
          "BASS"
        ]
      },
      {
        "bbox": {
          "left": 0.45527511835098267,
          "top": 0.6291733980178833,
          "width": 0.11234265565872192,
          "height": 0.13844048976898193,
          "score": null
        },
        "key_signature": "C_MAJOR",
        "clefs": [
          "TREBLE",
          "BASS"
        ]
      },
      {
        "bbox": {
          "left": 0.554356038570404,
          "top": 0.628959059715271,
          "width": 0.14463084936141968,
          "height": 0.13349878787994385,
          "score": null
        },
        "key_signature": "C_MAJOR",
        "clefs": [
          "TREBLE",
          "BASS"
        ]
      },
      {
        "bbox": {
          "left": 0.6869274973869324,
          "top": 0.6286199688911438,
          "width": 0.07814476419897641,
          "height": 0.13863611221313477,
          "score": null
        },
        "key_signature": "C_MAJOR",
        "clefs": [
          "TREBLE",
          "BASS"
        ]
      },
      {
        "bbox": {
          "left": 0.7651627915045794,
          "top": 0.6286199688911438,
          "width": 0.16167417596368228,
          "height": 0.13863611221313477,
          "score": null
        },
        "key_signature": "C_MAJOR",
        "clefs": [
          "TREBLE",
          "BASS"
        ]
      },
      {
        "bbox": {
          "left": 0.049076393246650696,
          "top": 0.7744444608688354,
          "width": 0.1802048683166504,
          "height": 0.13440841436386108,
          "score": null
        },
        "key_signature": "C_MAJOR",
        "clefs": [
          "TREBLE",
          "BASS"
        ]
      },
      {
        "bbox": {
          "left": 0.2164883017539978,
          "top": 0.7745039463043213,
          "width": 0.16674920916557312,
          "height": 0.13174420595169067,
          "score": null
        },
        "key_signature": "C_MAJOR",
        "clefs": [
          "TREBLE",
          "BASS"
        ]
      },
      {
        "bbox": {
          "left": 0.3665102422237396,
          "top": 0.7760339379310608,
          "width": 0.13035470247268677,
          "height": 0.13115602731704712,
          "score": null
        },
        "key_signature": "C_MAJOR",
        "clefs": [
          "TREBLE",
          "BASS"
        ]
      },
      {
        "bbox": {
          "left": 0.48224449157714844,
          "top": 0.7712022066116333,
          "width": 0.16868071367600443,
          "height": 0.1406092643737793,
          "score": null
        },
        "key_signature": "C_MAJOR",
        "clefs": [
          "TREBLE",
          "BASS"
        ]
      },
      {
        "bbox": {
          "left": 0.6475386092242073,
          "top": 0.7712022066116333,
          "width": 0.15051012544070974,
          "height": 0.1406092643737793,
          "score": null
        },
        "key_signature": "C_MAJOR",
        "clefs": [
          "TREBLE",
          "BASS"
        ]
      },
      {
        "bbox": {
          "left": 0.7758938074111938,
          "top": 0.7695443630218506,
          "width": 0.14883655309677124,
          "height": 0.1430748701095581,
          "score": null
        },
        "key_signature": "C_MAJOR",
        "clefs": [
          "TREBLE",
          "BASS"
        ]
      }
    ],
    "num_staves": null
  }
]