[
  {
    "measures": [],
    "num_staves": null
  },
  {
    "measures": [
      {
        "bbox": {
          "left": 0.1380518674850464,
          "top": 0.13788394629955292,
          "width": 0.1526797115802765,
          "height": 0.1453704982995987,
          "score": null
        },
        "key_signature": "A_FLAT_MAJOR",
        "clefs": [
          "TREBLE",
          "BASS"
        ]
      },
      {
        "bbox": {
          "left": 0.2723069190979004,
          "top": 0.13416820764541626,
          "width": 0.3318679928779602,
          "height": 0.15282917022705078,
          "score": null
        },
        "key_signature": "A_FLAT_MAJOR",
        "clefs": [
          "TREBLE",
          "BASS"
        ]
      },
      {
        "bbox": {
          "left": 0.5852155685424805,
          "top": 0.12875895202159882,
          "width": 0.33272379636764526,
          "height": 0.16034074127674103,
          "score": null
        },
        "key_signature": "A_FLAT_MAJOR",
        "clefs": [
          "TREBLE",
          "BASS"
        ]
      },
      {
        "bbox": {
          "left": 0.07168316096067429,
          "top": 0.28478682041168213,
          "width": 0.33463601022958755,
          "height": 0.16738712787628174,
          "score": null
        },
        "key_signature": "A_FLAT_MAJOR",
        "clefs": [
          "TREBLE",
          "BASS"
        ]
      },
      {
        "bbox": {
          "left": 0.38702592253685,
          "top": 0.28822797536849976,
          "width": 0.27724018692970276,
          "height": 0.1607247292995453,
          "score": null
        },
        "key_signature": "A_FLAT_MAJOR",
        "clefs": [
          "TREBLE",
          "BASS"
        ]
      },
      {
        "bbox": {
          "left": 0.6458264589309692,
          "top": 0.29337525367736816,
          "width": 0.2687619924545288,
          "height": 0.14874055981636047,
          "score": null
        },
        "key_signature": "A_FLAT_MAJOR",
        "clefs": [
          "TREBLE",
          "BASS"
        ]
      },
      {
        "bbox": {
          "left": 0.04093186929821968,
          "top": 0.4393879473209381,
          "width": 0.36985350772738457,
          "height": 0.16258904337882996,
          "score": null
        },
        "key_signature": "A_FLAT_MAJOR",
        "clefs": [
          "TREBLE",
          "BASS"
        ]
      },
      {
        "bbox": {
          "left": 0.385043740272522,
          "top": 0.4411192238330841,
          "width": 0.27523529529571533,
          "height": 0.1532825529575348,
          "score": null
        },
        "key_signature": "A_FLAT_MAJOR",
        "clefs": [
          "TREBLE",
          "BASS"
        ]
      },
      {
        "bbox": {
          "left": 0.6427438259124756,
          "top": 0.4431147277355194,
          "width": 0.2727010250091553,
          "height": 0.14396396279335022,
          "score": null
        },
        "key_signature": "A_FLAT_MAJOR",
        "clefs": [
          "TREBLE",
          "BASS"
        ]
      },
      {
        "bbox": {
          "left": 0.059103190898895264,
          "top": 0.5897186398506165,
          "width": 0.34698131680488586,
          "height": 0.15523308515548706,
          "score": null
        },
        "key_signature": "A_FLAT_MAJOR",
        "clefs": [
          "TREBLE",
          "BASS"
        ]
      },
      {
        "bbox": {
          "left": 0.38768893480300903,
          "top": 0.5896556377410889,
          "width": 0.27509528398513794,
          "height": 0.15932857990264893,
          "score": null
        },
        "key_signature": "A_FLAT_MAJOR",
        "clefs": [
          "TREBLE",
          "BASS"
        ]
      },
      {
        "bbox": {
          "left": 0.6376410722732544,
          "top": 0.5912603139877319,
          "width": 0.2750101089477539,
          "height": 0.15507054328918457,
          "score": null
        },
        "key_signature": "A_FLAT_MAJOR",
        "clefs": [
          "TREBLE",
          "BASS"
        ]
      },
      {
        "bbox": {
          "left": 0.052512817084789276,
          "top": 0.7422853112220764,
          "width": 0.35133636742830276,
          "height": 0.1572951078414917,
          "score": null
        },
        "key_signature": "A_FLAT_MAJOR",
        "clefs": [
          "TREBLE",
          "BASS"
        ]
      },
      {
        "bbox": {
          "left": 0.38476985692977905,
          "top": 0.7476406693458557,
          "width": 0.27504926919937134,
          "height": 0.14832115173339844,
          "score": null
        },
        "key_signature": "A_FLAT_MAJOR",
        "clefs": [
          "TREBLE",
          "BASS"
        ]
      },
      {
        "bbox": {
          "left": 0.6396691799163818,
          "top": 0.751903235912323,
          "width": 0.2763063907623291,
          "height": 0.14653891324996948,
          "score": null
        },
        "key_signature": "A_FLAT_MAJOR",
        "clefs": [
          "TREBLE",
          "BASS"
        ]
      }
    ],
    "num_staves": null
  },
  {
    "measures": [
      {
        "bbox": {
          "left": 0.1125001311302185,
          "top": 0.07200857996940613,
          "width": 0.33881112933158875,
          "height": 0.16871511936187744,
          "score": null
        },
        "key_signature": "A_FLAT_MAJOR",
        "clefs": [
          "TREBLE",
          "BASS"
        ]
      },
      {
        "bbox": {
          "left": 0.42505332827568054,
          "top": 0.071663498878479,
          "width": 0.27441731095314026,
          "height": 0.1680075228214264,
          "score": null
        },
        "key_signature": "A_FLAT_MAJOR",
        "clefs": [
          "TREBLE",
          "BASS"
        ]
      },
      {
        "bbox": {
          "left": 0.672215461730957,
          "top": 0.07628990709781647,
          "width": 0.28690147399902344,
          "height": 0.16357634961605072,
          "score": null
        },
        "key_signature": "A_FLAT_MAJOR",
        "clefs": [
          "TREBLE",
          "BASS"
        ]
      },
      {
        "bbox": {
          "left": 0.11554320156574249,
          "top": 0.2405015081167221,
          "width": 0.32837526500225067,
          "height": 0.16964881122112274,
          "score": null
        },
        "key_signature": "A_FLAT_MAJOR",
        "clefs": [
          "TREBLE",
          "BASS"
        ]
      },
      {
        "bbox": {
          "left": 0.42059123516082764,
          "top": 0.24187570810317993,
          "width": 0.2776815891265869,
          "height": 0.1655651032924652,
          "score": null
        },
        "key_signature": "A_FLAT_MAJOR",
        "clefs": [
          "TREBLE",
          "BASS"
        ]
      },
      {
        "bbox": {
          "left": 0.6742892861366272,
          "top": 0.2413574904203415,
          "width": 0.28926920890808105,
          "height": 0.16839362680912018,
          "score": null
        },
        "key_signature": "A_FLAT_MAJOR",
        "clefs": [
          "TREBLE",
          "BASS"
        ]
      },
      {
        "bbox": {
          "left": 0.11434371024370193,
          "top": 0.41711175441741943,
          "width": 0.4086831137537956,
          "height": 0.16674208641052246,
          "score": null
        },
        "key_signature": "A_FLAT_MAJOR",
        "clefs": [
          "TREBLE",
          "BASS"
        ]
      },
      {
        "bbox": {
          "left": 0.4809955358505249,
          "top": 0.413155734539032,
          "width": 0.3108592629432678,
          "height": 0.1663416028022766,
          "score": null
        },
        "key_signature": "A_FLAT_MAJOR",
        "clefs": [
          "TREBLE",
          "BASS"
        ]
      },
      {
        "bbox": {
          "left": 0.7650677561759949,
          "top": 0.41946160793304443,
          "width": 0.19493651390075684,
          "height": 0.16299337148666382,
          "score": null
        },
        "key_signature": "A_FLAT_MAJOR",
        "clefs": [
          "TREBLE",
          "BASS"
        ]
      },
      {
        "bbox": {
          "left": 0.11133605241775513,
          "top": 0.5852671265602112,
          "width": 0.3219119906425476,
          "height": 0.17739754915237427,
          "score": null
        },
        "key_signature": "A_FLAT_MAJOR",
        "clefs": [
          "TREBLE",
          "BASS"
        ]
      },
      {
        "bbox": {
          "left": 0.39484813809394836,
          "top": 0.5823748111724854,
          "width": 0.5539903553993031,
          "height": 0.1718032956123352,
          "score": null
        },
        "key_signature": "A_FLAT_MAJOR",
        "clefs": [
          "TREBLE",
          "TREBLE"
        ]
      },
      {
        "bbox": {
          "left": 0.0967041552066803,
          "top": 0.7612931728363037,
          "width": 0.828548938035965,
          "height": 0.146331787109375,
          "score": null
        },
        "key_signature": "A_FLAT_MAJOR",
        "clefs": [
          "TREBLE",
          "TREBLE"
        ]
      }
    ],
    "num_staves": null
  },
  {
    "measures": [
      {
        "bbox": {
          "left": 0.020836004987359047,
          "top": 0.07784263789653778,
          "width": 0.35799928568303585,
          "height": 0.16300040483474731,
          "score": null
        },
        "key_signature": "B_MAJOR",
        "clefs": [
          "TREBLE",
          "BASS"
        ]
      },
      {
        "bbox": {
          "left": 0.36517560482025146,
          "top": 0.08045966923236847,
          "width": 0.26484793424606323,
          "height": 0.15665365755558014,
          "score": null
        },
        "key_signature": "B_MAJOR",
        "clefs": [
          "TREBLE",
          "BASS"
        ]
      },
      {
        "bbox": {
          "left": 0.6163312196731567,
          "top": 0.08139804005622864,
          "width": 0.2737603783607483,
          "height": 0.154794380068779,
          "score": null
        },
        "key_signature": "B_MAJOR",
        "clefs": [
          "TREBLE",
          "BASS"
        ]
      },
      {
        "bbox": {
          "left": 0.015870679169893265,
          "top": 0.24849461019039154,
          "width": 0.3600931875407696,
          "height": 0.17058955132961273,
          "score": null
        },
        "key_signature": "B_MAJOR",
        "clefs": [
          "TREBLE",
          "BASS"
        ]
      },
      {
        "bbox": {
          "left": 0.35475021600723267,
          "top": 0.24434112012386322,
          "width": 0.27610719203948975,
          "height": 0.17162705957889557,
          "score": null
        },
        "key_signature": "B_MAJOR",
        "clefs": [
          "TREBLE",
          "BASS"
        ]
      },
      {
        "bbox": {
          "left": 0.6140215992927551,
          "top": 0.24288874864578247,
          "width": 0.27537429332733154,
          "height": 0.16826722025871277,
          "score": null
        },
        "key_signature": "B_MAJOR",
        "clefs": [
          "TREBLE",
          "BASS"
        ]
      },
      {
        "bbox": {
          "left": 0.022740084677934647,
          "top": 0.42507195472717285,
          "width": 0.3554120771586895,
          "height": 0.16059058904647827,
          "score": null
        },
        "key_signature": "B_MAJOR",
        "clefs": [
          "TREBLE",
          "BASS"
        ]
      },
      {
        "bbox": {
          "left": 0.35778239369392395,
          "top": 0.4202748239040375,
          "width": 0.2735315263271332,
          "height": 0.16530588269233704,
          "score": null
        },
        "key_signature": "B_MAJOR",
        "clefs": [
          "TREBLE",
          "BASS"
        ]
      },
      {
        "bbox": {
          "left": 0.6130082607269287,
          "top": 0.4157853126525879,
          "width": 0.2764315605163574,
          "height": 0.17245149612426758,
          "score": null
        },
        "key_signature": "B_MAJOR",
        "clefs": [
          "TREBLE",
          "BASS"
        ]
      },
      {
        "bbox": {
          "left": 0.019971542060375214,
          "top": 0.5956906676292419,
          "width": 0.31628183275461197,
          "height": 0.1679338812828064,
          "score": null
        },
        "key_signature": "B_MAJOR",
        "clefs": [
          "TREBLE",
          "BASS"
        ]
      },
      {
        "bbox": {
          "left": 0.3163946866989136,
          "top": 0.5944823622703552,
          "width": 0.2480384111404419,
          "height": 0.1694486141204834,
          "score": null
        },
        "key_signature": "B_MAJOR",
        "clefs": [
          "TREBLE",
          "BASS"
        ]
      },
      {
        "bbox": {
          "left": 0.5553494691848755,
          "top": 0.59255051612854,
          "width": 0.3306840658187866,
          "height": 0.17067557573318481,
          "score": null
        },
        "key_signature": "C_MAJOR",
        "clefs": [
          "TREBLE",
          "BASS"
        ]
      },
      {
        "bbox": {
          "left": 0.021359266713261604,
          "top": 0.766813337802887,
          "width": 0.3324947040528059,
          "height": 0.17508316040039062,
          "score": null
        },
        "key_signature": "C_MAJOR",
        "clefs": [
          "TREBLE",
          "BASS"
        ]
      },
      {
        "bbox": {
          "left": 0.3315407931804657,
          "top": 0.7653999328613281,
          "width": 0.292906790971756,
          "height": 0.17333805561065674,
          "score": null
        },
        "key_signature": "C_MAJOR",
        "clefs": [
          "TREBLE",
          "BASS"
        ]
      },
      {
        "bbox": {
          "left": 0.601845383644104,
          "top": 0.7643153667449951,
          "width": 0.28406912088394165,
          "height": 0.17640256881713867,
          "score": null
        },
        "key_signature": "C_MAJOR",
        "clefs": [
          "TREBLE",
          "BASS"
        ]
      }
    ],
    "num_staves": null
  },
  {
    "measures": [
      {
        "bbox": {
          "left": 0.12884147465229034,
          "top": 0.07231085747480392,
          "width": 0.31141509115695953,
          "height": 0.18927059322595596,
          "score": null
        },
        "key_signature": "C_MAJOR",
        "clefs": [
          "TREBLE",
          "BASS"
        ]
      },
      {
        "bbox": {
          "left": 0.4186932444572449,
          "top": 0.07255511730909348,
          "width": 0.2908529043197632,
          "height": 0.18807006627321243,
          "score": null
        },
        "key_signature": "C_MAJOR",
        "clefs": [
          "TREBLE",
          "BASS"
        ]
      },
      {
        "bbox": {
          "left": 0.6873531341552734,
          "top": 0.07019370049238205,
          "width": 0.29710662364959717,
          "height": 0.19520441442728043,
          "score": null
        },
        "key_signature": "C_MAJOR",
        "clefs": [
          "TREBLE",
          "BASS"
        ]
      },
      {
        "bbox": {
          "left": 0.1129954531788826,
          "top": 0.24752375483512878,
          "width": 0.3213266655802727,
          "height": 0.18742191791534424,
          "score": null
        },
        "key_signature": "C_MAJOR",
        "clefs": [
          "TREBLE",
          "BASS"
        ]
      },
      {
        "bbox": {
          "left": 0.40859124064445496,
          "top": 0.25357890129089355,
          "width": 0.29576537013053894,
          "height": 0.17761561274528503,
          "score": null
        },
        "key_signature": "C_MAJOR",
        "clefs": [
          "TREBLE",
          "BASS"
        ]
      },
      {
        "bbox": {
          "left": 0.6869555711746216,
          "top": 0.25613006949424744,
          "width": 0.2949211001396179,
          "height": 0.16647541522979736,
          "score": null
        },
        "key_signature": "C_MAJOR",
        "clefs": [
          "TREBLE",
          "BASS"
        ]
      },
      {
        "bbox": {
          "left": 0.11103743314743042,
          "top": 0.4204218089580536,
          "width": 0.31531181931495667,
          "height": 0.19266405701637268,
          "score": null
        },
        "key_signature": "C_MAJOR",
        "clefs": [
          "TREBLE",
          "BASS"
        ]
      },
      {
        "bbox": {
          "left": 0.4079183042049408,
          "top": 0.42263537645339966,
          "width": 0.2740876376628876,
          "height": 0.1920154094696045,
          "score": null
        },
        "key_signature": "C_MAJOR",
        "clefs": [
          "TREBLE",
          "BASS"
        ]
      },
      {
        "bbox": {
          "left": 0.6645485162734985,
          "top": 0.4191656708717346,
          "width": 0.2697010636329651,
          "height": 0.19568222761154175,
          "score": null
        },
        "key_signature": "C_MAJOR",
        "clefs": [
          "TREBLE",
          "BASS"
        ]
      },
      {
        "bbox": {
          "left": 0.11073678731918335,
          "top": 0.5981229543685913,
          "width": 0.33848512172698975,
          "height": 0.18121415376663208,
          "score": null
        },
        "key_signature": "A_FLAT_MAJOR",
        "clefs": [
          "TREBLE",
          "BASS"
        ]
      },
      {
        "bbox": {
          "left": 0.42735913395881653,
          "top": 0.606438159942627,
          "width": 0.28316834568977356,
          "height": 0.175889790058136,
          "score": null
        },
        "key_signature": "A_FLAT_MAJOR",
        "clefs": [
          "TREBLE",
          "BASS"
        ]
      },
      {
        "bbox": {
          "left": 0.6896770596504211,
          "top": 0.6099729537963867,
          "width": 0.2855575680732727,
          "height": 0.16987019777297974,
          "score": null
        },
        "key_signature": "A_FLAT_MAJOR",
        "clefs": [
          "TREBLE",
          "BASS"
        ]
      },
      {
        "bbox": {
          "left": 0.10432463884353638,
          "top": 0.7747149467468262,
          "width": 0.3695759177207947,
          "height": 0.17864614725112915,
          "score": null
        },
        "key_signature": "A_FLAT_MAJOR",
        "clefs": [
          "TREBLE",
          "BASS"
        ]
      },
      {
        "bbox": {
          "left": 0.4481411874294281,
          "top": 0.7731145620346069,
          "width": 0.30188891291618347,
          "height": 0.18228209018707275,
          "score": null
        },
        "key_signature": "A_FLAT_MAJOR",
        "clefs": [
          "TREBLE",
          "BASS"
        ]
      },
      {
        "bbox": {
          "left": 0.7285407185554504,
          "top": 0.7734099626541138,
          "width": 0.2469051480293274,
          "height": 0.17422789335250854,
          "score": null
        },
        "key_signature": "A_FLAT_MAJOR",
        "clefs": [
          "TREBLE",
          "BASS"
        ]
      }
    ],
    "num_staves": null
  },
  {
    "measures": [
      {
        "bbox": {
          "left": 0.050013214349746704,
          "top": 0.08905044198036194,
          "width": 0.33726757764816284,
          "height": 0.16892078518867493,
          "score": null
        },
        "key_signature": "A_FLAT_MAJOR",
        "clefs": [
          "TREBLE",
          "BASS"
        ]
      },
      {
        "bbox": {
          "left": 0.3598102033138275,
          "top": 0.08588624000549316,
          "width": 0.2774248421192169,
          "height": 0.16800355911254883,
          "score": null
        },
        "key_signature": "A_FLAT_MAJOR",
        "clefs": [
          "TREBLE",
          "BASS"
        ]
      },
      {
        "bbox": {
          "left": 0.6203383803367615,
          "top": 0.08354580402374268,
          "width": 0.27207499742507935,
          "height": 0.1700780689716339,
          "score": null
        },
        "key_signature": "A_FLAT_MAJOR",
        "clefs": [
          "TREBLE",
          "BASS"
        ]
      },
      {
        "bbox": {
          "left": 0.07396692782640457,
          "top": 0.25961729884147644,
          "width": 0.8536146804690361,
          "height": 0.1676008105278015,
          "score": null
        },
        "key_signature": "A_FLAT_MAJOR",
        "clefs": [
          "TREBLE",
          "TREBLE"
        ]
      },
      {
        "bbox": {
          "left": 0.03721552714705467,
          "top": 0.4256533682346344,
          "width": 0.8913312591612339,
          "height": 0.15691408514976501,
          "score": null
        },
        "key_signature": "A_FLAT_MAJOR",
        "clefs": [
          "TREBLE",
          "TREBLE"
        ]
      },
      {
        "bbox": {
          "left": 0.04479624703526497,
          "top": 0.5848369598388672,
          "width": 0.4609140567481518,
          "height": 0.16961067914962769,
          "score": null
        },
        "key_signature": "A_FLAT_MAJOR",
        "clefs": [
          "TREBLE",
          "BASS"
        ]
      },
      {
        "bbox": {
          "left": 0.4807659089565277,
          "top": 0.5909681916236877,
          "width": 0.21676257252693176,
          "height": 0.1678473949432373,
          "score": null
        },
        "key_signature": "A_FLAT_MAJOR",
        "clefs": [
          "TREBLE",
          "TREBLE"
        ]
      },
      {
        "bbox": {
          "left": 0.6707676649093628,
          "top": 0.5784237384796143,
          "width": 0.23368144035339355,
          "height": 0.18235278129577637,
          "score": null
        },
        "key_signature": "A_FLAT_MAJOR",
        "clefs": [
          "TREBLE",
          "TREBLE"
        ]
      },
      {
        "bbox": {
          "left": 0.03364233672618866,
          "top": 0.7675266861915588,
          "width": 0.36779452860355377,
          "height": 0.17496031522750854,
          "score": null
        },
        "key_signature": "A_FLAT_MAJOR",
        "clefs": [
          "TREBLE",
          "TREBLE"
        ]
      },
      {
        "bbox": {
          "left": 0.3660452365875244,
          "top": 0.7627802491188049,
          "width": 0.2798268795013428,
          "height": 0.17786264419555664,
          "score": null
        },
        "key_signature": "A_FLAT_MAJOR",
        "clefs": [
          "TREBLE",
          "TREBLE"
        ]
      },
      {
        "bbox": {
          "left": 0.6237730979919434,
          "top": 0.762495219707489,
          "width": 0.280286967754364,
          "height": 0.16893112659454346,
          "score": null
        },
        "key_signature": "A_FLAT_MAJOR",
        "clefs": [
          "TREBLE",
          "TREBLE"
        ]
      }
    ],
    "num_staves": null
  },
  {
    "measures": [
      {
        "bbox": {
          "left": 0.11424224823713303,
          "top": 0.08882734179496765,
          "width": 0.35499782115221024,
          "height": 0.1584070920944214,
          "score": null
        },
        "key_signature": "A_FLAT_MAJOR",
        "clefs": [
          "TREBLE",
          "TREBLE"
        ]
      },
      {
        "bbox": {
          "left": 0.4432997703552246,
          "top": 0.08431944251060486,
          "width": 0.2780904173851013,
          "height": 0.16486717760562897,
          "score": null
        },
        "key_signature": "A_FLAT_MAJOR",
        "clefs": [
          "TREBLE",
          "TREBLE"
        ]
      },
      {
        "bbox": {
          "left": 0.6985803842544556,
          "top": 0.08781784027814865,
          "width": 0.2834559679031372,
          "height": 0.161851204931736,
          "score": null
        },
        "key_signature": "A_FLAT_MAJOR",
        "clefs": [
          "TREBLE",
          "TREBLE"
        ]
      },
      {
        "bbox": {
          "left": 0.11637028306722641,
          "top": 0.25348201394081116,
          "width": 0.3492991402745247,
          "height": 0.17362800240516663,
          "score": null
        },
        "key_signature": "A_FLAT_MAJOR",
        "clefs": [
          "TREBLE",
          "BASS"
        ]
      },
      {
        "bbox": {
          "left": 0.4356079697608948,
          "top": 0.2519671618938446,
          "width": 0.2809118628501892,
          "height": 0.17939817905426025,
          "score": null
        },
        "key_signature": "A_FLAT_MAJOR",
        "clefs": [
          "TREBLE",
          "TREBLE"
        ]
      },
      {
        "bbox": {
          "left": 0.6922932863235474,
          "top": 0.24916672706604004,
          "width": 0.27823472023010254,
          "height": 0.18422138690948486,
          "score": null
        },
        "key_signature": "A_FLAT_MAJOR",
        "clefs": [
          "TREBLE",
          "TREBLE"
        ]
      },
      {
        "bbox": {
          "left": 0.10572143644094467,
          "top": 0.4290662109851837,
          "width": 0.3442881777882576,
          "height": 0.17122861742973328,
          "score": null
        },
        "key_signature": "A_FLAT_MAJOR",
        "clefs": [
          "TREBLE",
          "TREBLE"
        ]
      },
      {
        "bbox": {
          "left": 0.4334404170513153,
          "top": 0.43029922246932983,
          "width": 0.2755887806415558,
          "height": 0.1729651689529419,
          "score": null
        },
        "key_signature": "A_FLAT_MAJOR",
        "clefs": [
          "TREBLE",
          "TREBLE"
        ]
      },
      {
        "bbox": {
          "left": 0.6937927007675171,
          "top": 0.4346696436405182,
          "width": 0.2713095545768738,
          "height": 0.16924455761909485,
          "score": null
        },
        "key_signature": "A_FLAT_MAJOR",
        "clefs": [
          "TREBLE",
          "TREBLE"
        ]
      },
      {
        "bbox": {
          "left": 0.11131879687309265,
          "top": 0.6043233871459961,
          "width": 0.3353864252567291,
          "height": 0.15213686227798462,
          "score": null
        },
        "key_signature": "A_FLAT_MAJOR",
        "clefs": [
          "TREBLE",
          "BASS"
        ]
      },
      {
        "bbox": {
          "left": 0.4273449182510376,
          "top": 0.6058159470558167,
          "width": 0.26681095361709595,
          "height": 0.15644925832748413,
          "score": null
        },
        "key_signature": "A_FLAT_MAJOR",
        "clefs": [
          "TREBLE",
          "BASS"
        ]
      },
      {
        "bbox": {
          "left": 0.6739484071731567,
          "top": 0.6019347310066223,
          "width": 0.16529113054275513,
          "height": 0.16270458698272705,
          "score": null
        },
        "key_signature": "A_FLAT_MAJOR",
        "clefs": [
          "TREBLE",
          "TREBLE"
        ]
      },
      {
        "bbox": {
          "left": 0.8169848918914795,
          "top": 0.5995765924453735,
          "width": 0.14050334692001343,
          "height": 0.16278403997421265,
          "score": null
        },
        "key_signature": "A_FLAT_MAJOR",
        "clefs": [
          "TREBLE",
          "TREBLE"
        ]
      },
      {
        "bbox": {
          "left": 0.09461662173271179,
          "top": 0.764725387096405,
          "width": 0.22252044081687927,
          "height": 0.15855258703231812,
          "score": null
        },
        "key_signature": "A_FLAT_MAJOR",
        "clefs": [
          "TREBLE",
          "TREBLE"
        ]
      },
      {
        "bbox": {
          "left": 0.29979321360588074,
          "top": 0.7638092637062073,
          "width": 0.14111408591270447,
          "height": 0.1568189263343811,
          "score": null
        },
        "key_signature": "A_FLAT_MAJOR",
        "clefs": [
          "TREBLE",
          "TREBLE"
        ]
      },
      {
        "bbox": {
          "left": 0.42331746220588684,
          "top": 0.7667749524116516,
          "width": 0.11366251111030579,
          "height": 0.15698111057281494,
          "score": null
        },
        "key_signature": "A_FLAT_MAJOR",
        "clefs": [
          "TREBLE",
          "BASS"
        ]
      },
      {
        "bbox": {
          "left": 0.5180378556251526,
          "top": 0.7651927471160889,
          "width": 0.149982750415802,
          "height": 0.15740323066711426,
          "score": null
        },
        "key_signature": "A_FLAT_MAJOR",
        "clefs": [
          "TREBLE",
          "BASS"
        ]
      },
      {
        "bbox": {
          "left": 0.6461960077285767,
          "top": 0.7727015614509583,
          "width": 0.13817960023880005,
          "height": 0.14833718538284302,
          "score": null
        },
        "key_signature": "A_FLAT_MAJOR",
        "clefs": [
          "TREBLE",
          "BASS"
        ]
      },
      {
        "bbox": {
          "left": 0.763005793094635,
          "top": 0.7727282047271729,
          "width": 0.1217806339263916,
          "height": 0.1506555676460266,
          "score": null
        },
        "key_signature": "A_FLAT_MAJOR",
        "clefs": [
          "TREBLE",
          "BASS"
        ]
      },
      {
        "bbox": {
          "left": 0.8639593720436096,
          "top": 0.7719458937644958,
          "width": 0.09534710645675659,
          "height": 0.15141057968139648,
          "score": null
        },
        "key_signature": "A_FLAT_MAJOR",
        "clefs": [
          "TREBLE",
          "BASS"
        ]
      }
    ],
    "num_staves": null
  }
]