[
  {
    "measures": [
      {
        "bbox": {
          "left": 0.1625286042690277,
          "top": 0.11064085364341736,
          "width": 0.2732166349887848,
          "height": 0.148901104927063,
          "score": null
        },
        "key_signature": "D_FLAT_MAJOR",
        "clefs": [
          "TREBLE",
          "BASS"
        ]
      },
      {
        "bbox": {
          "left": 0.4074791669845581,
          "top": 0.10741489380598068,
          "width": 0.4529508352279663,
          "height": 0.16619668155908585,
          "score": null
        },
        "key_signature": "D_FLAT_MAJOR",
        "clefs": [
          "TREBLE",
          "TREBLE"
        ]
      },
      {
        "bbox": {
          "left": 0.09551563858985901,
          "top": 0.271904855966568,
          "width": 0.30062347650527954,
          "height": 0.17077091336250305,
          "score": null
        },
        "key_signature": "D_FLAT_MAJOR",
        "clefs": [
          "TREBLE",
          "TREBLE"
        ]
      },
      {
        "bbox": {
          "left": 0.3559405505657196,
          "top": 0.2739851474761963,
          "width": 0.5901217758655548,
          "height": 0.1742919385433197,
          "score": null
        },
        "key_signature": "D_FLAT_MAJOR",
        "clefs": [
          "TREBLE",
          "TREBLE"
        ]
      },
      {
        "bbox": {
          "left": 0.07641840726137161,
          "top": 0.4494847357273102,
          "width": 0.8883584067225456,
          "height": 0.18131646513938904,
          "score": null
        },
        "key_signature": "D_FLAT_MAJOR",
        "clefs": [
          "TREBLE",
          "TREBLE"
        ]
      },
      {
        "bbox": {
          "left": 0.09170682728290558,
          "top": 0.6320046186447144,
          "width": 0.7578073590993881,
          "height": 0.18541884422302246,
          "score": null
        },
        "key_signature": "D_FLAT_MAJOR",
        "clefs": [
          "TREBLE",
          "BASS"
        ]
      },
      {
        "bbox": {
          "left": 0.8291096091270447,
          "top": 0.6295759677886963,
          "width": 0.12288635969161987,
          "height": 0.18416917324066162,
          "score": null
        },
        "key_signature": "D_FLAT_MAJOR",
        "clefs": [
          "TREBLE",
          "TREBLE"
        ]
      }
    ],
    "num_staves": null
  },
  {
    "measures": [
      {
        "bbox": {
          "left": 0.09596068412065506,
          "top": 0.07756998389959335,
          "width": 0.23699750751256943,
          "height": 0.14168595522642136,
          "score": null
        },
        "key_signature": "D_FLAT_MAJOR",
        "clefs": [
          "TREBLE",
          "TREBLE"
        ]
      },
      {
        "bbox": {
          "left": 0.32094818353652954,
          "top": 0.07495348900556564,
          "width": 0.11213329434394836,
          "height": 0.14982517808675766,
          "score": null
        },
        "key_signature": "D_FLAT_MAJOR",
        "clefs": [
          "TREBLE",
          "TREBLE"
        ]
      },
      {
        "bbox": {
          "left": 0.4196924865245819,
          "top": 0.06595586240291595,
          "width": 0.14095482230186462,
          "height": 0.15094587206840515,
          "score": null
        },
        "key_signature": "D_FLAT_MAJOR",
        "clefs": [
          "TREBLE",
          "TREBLE"
        ]
      },
      {
        "bbox": {
          "left": 0.5530492663383484,
          "top": 0.05570857971906662,
          "width": 0.10577426307341632,
          "height": 0.17989342659711838,
          "score": null
        },
        "key_signature": "D_FLAT_MAJOR",
        "clefs": [
          "TREBLE",
          "TREBLE"
        ]
      },
      {
        "bbox": {
          "left": 0.6588139722206999,
          "top": 0.05570857971906662,
          "width": 0.1470683807204765,
          "height": 0.17989342659711838,
          "score": null
        },
        "key_signature": "D_FLAT_MAJOR",
        "clefs": [
          "TREBLE",
          "TREBLE"
        ]
      },
      {
        "bbox": {
          "left": 0.8,
          "top": 0.05570857971906662,
          "width": 0.14338816404342652,
          "height": 0.17989342659711838,
          "score": null
        },
        "key_signature": "D_FLAT_MAJOR",
        "clefs": [
          "TREBLE",
          "TREBLE"
        ]
      },
      {
        "bbox": {
          "left": 0.09572333097457886,
          "top": 0.2239014208316803,
          "width": 0.2695602476596832,
          "height": 0.19696924090385437,
          "score": null
        },
        "key_signature": "D_FLAT_MAJOR",
        "clefs": [
          "TREBLE",
          "TREBLE"
        ]
      },
      {
        "bbox": {
          "left": 0.34188559651374817,
          "top": 0.21835902333259583,
          "width": 0.16353896260261536,
          "height": 0.19152262806892395,
          "score": null
        },
        "key_signature": "D_FLAT_MAJOR",
        "clefs": [
          "TREBLE",
          "TREBLE"
        ]
      },
      {
        "bbox": {
          "left": 0.4863388240337372,
          "top": 0.2179649919271469,
          "width": 0.24052581191062927,
          "height": 0.18386007845401764,
          "score": null
        },
        "key_signature": "D_FLAT_MAJOR",
        "clefs": [
          "TREBLE",
          "TREBLE"
        ]
      },
      {
        "bbox": {
          "left": 0.6977860331535339,
          "top": 0.2251606434583664,
          "width": 0.2542763948440552,
          "height": 0.19087199866771698,
          "score": null
        },
        "key_signature": "D_FLAT_MAJOR",
        "clefs": [
          "TREBLE",
          "TREBLE"
        ]
      },
      {
        "bbox": {
          "left": 0.10999295860528946,
          "top": 0.40667739510536194,
          "width": 0.3370658649241223,
          "height": 0.17423245310783386,
          "score": null
        },
        "key_signature": "D_FLAT_MAJOR",
        "clefs": [
          "TREBLE",
          "TREBLE"
        ]
      },
      {
        "bbox": {
          "left": 0.4470588235294118,
          "top": 0.40667739510536194,
          "width": 0.25882352941176473,
          "height": 0.17423245310783386,
          "score": null
        },
        "key_signature": "D_FLAT_MAJOR",
        "clefs": [
          "TREBLE",
          "TREBLE"
        ]
      },
      {
        "bbox": {
          "left": 0.7058823529411765,
          "top": 0.40667739510536194,
          "width": 0.2329377707313089,
          "height": 0.17423245310783386,
          "score": null
        },
        "key_signature": "D_FLAT_MAJOR",
        "clefs": [
          "TREBLE",
          "TREBLE"
        ]
      },
      {
        "bbox": {
          "left": 0.0988573506474495,
          "top": 0.5944617986679077,
          "width": 0.4740230366587639,
          "height": 0.16473042964935303,
          "score": null
        },
        "key_signature": "D_FLAT_MAJOR",
        "clefs": [
          "TREBLE",
          "TREBLE"
        ]
      },
      {
        "bbox": {
          "left": 0.5445401668548584,
          "top": 0.5881576538085938,
          "width": 0.39747363328933716,
          "height": 0.17174112796783447,
          "score": null
        },
        "key_signature": "D_FLAT_MAJOR",
        "clefs": [
          "TREBLE",
          "TREBLE"
        ]
      },
      {
        "bbox": {
          "left": 0.07119578123092651,
          "top": 0.7628802061080933,
          "width": 0.5869734287261963,
          "height": 0.1677020788192749,
          "score": null
        },
        "key_signature": "D_FLAT_MAJOR",
        "clefs": [
          "TREBLE",
          "TREBLE"
        ]
      },
      {
        "bbox": {
          "left": 0.6183198690414429,
          "top": 0.7501733303070068,
          "width": 0.33493679761886597,
          "height": 0.1914815902709961,
          "score": null
        },
        "key_signature": "D_FLAT_MAJOR",
        "clefs": [
          "TREBLE",
          "BASS"
        ]
      }
    ],
    "num_staves": null
  },
  {
    "measures": [
      {
        "bbox": {
          "left": 0.10199791193008423,
          "top": 0.050135158002376556,
          "width": 0.535970151424408,
          "height": 0.16113323718309402,
          "score": null
        },
        "key_signature": "D_FLAT_MAJOR",
        "clefs": [
          "TREBLE",
          "BASS"
        ]
      },
      {
        "bbox": {
          "left": 0.6379680633544922,
          "top": 0.050135158002376556,
          "width": 0.3620319366455078,
          "height": 0.16113323718309402,
          "score": null
        },
        "key_signature": "D_FLAT_MAJOR",
        "clefs": [
          "TREBLE",
          "BASS"
        ]
      },
      {
        "bbox": {
          "left": 0.06925809383392334,
          "top": 0.21618624031543732,
          "width": 0.5694471597671509,
          "height": 0.19785462319850922,
          "score": null
        },
        "key_signature": "D_FLAT_MAJOR",
        "clefs": [
          "TREBLE",
          "BASS"
        ]
      },
      {
        "bbox": {
          "left": 0.6387052536010742,
          "top": 0.21618624031543732,
          "width": 0.3612947463989258,
          "height": 0.19785462319850922,
          "score": null
        },
        "key_signature": "D_FLAT_MAJOR",
        "clefs": [
          "TREBLE",
          "BASS"
        ]
      },
      {
        "bbox": {
          "left": 0.09751421958208084,
          "top": 0.4001595973968506,
          "width": 0.5201328392414486,
          "height": 0.16788631677627563,
          "score": null
        },
        "key_signature": "D_FLAT_MAJOR",
        "clefs": [
          "TREBLE",
          "BASS"
        ]
      },
      {
        "bbox": {
          "left": 0.6176470588235294,
          "top": 0.4001595973968506,
          "width": 0.38235294117647056,
          "height": 0.16788631677627563,
          "score": null
        },
        "key_signature": "D_FLAT_MAJOR",
        "clefs": [
          "TREBLE",
          "BASS"
        ]
      },
      {
        "bbox": {
          "left": 0.10116808861494064,
          "top": 0.5681911110877991,
          "width": 0.5105966172674123,
          "height": 0.18964016437530518,
          "score": null
        },
        "key_signature": "D_FLAT_MAJOR",
        "clefs": [
          "TREBLE",
          "BASS"
        ]
      },
      {
        "bbox": {
          "left": 0.611764705882353,
          "top": 0.5681911110877991,
          "width": 0.3152601354262408,
          "height": 0.18964016437530518,
          "score": null
        },
        "key_signature": "D_FLAT_MAJOR",
        "clefs": [
          "TREBLE",
          "BASS"
        ]
      },
      {
        "bbox": {
          "left": 0.10868581384420395,
          "top": 0.7487751245498657,
          "width": 0.8542948737740517,
          "height": 0.18034124374389648,
          "score": null
        },
        "key_signature": "D_FLAT_MAJOR",
        "clefs": [
          "TREBLE",
          "BASS"
        ]
      }
    ],
    "num_staves": null
  },
  {
    "measures": [
      {
        "bbox": {
          "left": 0.1076001226902008,
          "top": 0.05454545454545454,
          "width": 0.496677428483963,
          "height": 0.1509767548604445,
          "score": null
        },
        "key_signature": "D_FLAT_MAJOR",
        "clefs": [
          "TREBLE",
          "TREBLE"
        ]
      },
      {
        "bbox": {
          "left": 0.5704169869422913,
          "top": 0.03593294322490692,
          "width": 0.25311242482241464,
          "height": 0.17873480916023254,
          "score": null
        },
        "key_signature": "D_FLAT_MAJOR",
        "clefs": [
          "TREBLE",
          "TREBLE"
        ]
      },
      {
        "bbox": {
          "left": 0.8235294117647058,
          "top": 0.03593294322490692,
          "width": 0.14705882352941177,
          "height": 0.17873480916023254,
          "score": null
        },
        "key_signature": "D_FLAT_MAJOR",
        "clefs": [
          "TREBLE",
          "TREBLE"
        ]
      },
      {
        "bbox": {
          "left": 0.10332784056663513,
          "top": 0.2270893156528473,
          "width": 0.273142747668659,
          "height": 0.17746502161026,
          "score": null
        },
        "key_signature": "D_FLAT_MAJOR",
        "clefs": [
          "TREBLE",
          "TREBLE"
        ]
      },
      {
        "bbox": {
          "left": 0.3764705882352941,
          "top": 0.2270893156528473,
          "width": 0.10588235294117647,
          "height": 0.17746502161026,
          "score": null
        },
        "key_signature": "D_FLAT_MAJOR",
        "clefs": [
          "TREBLE",
          "TREBLE"
        ]
      },
      {
        "bbox": {
          "left": 0.4823529411764706,
          "top": 0.2270893156528473,
          "width": 0.1298371861962711,
          "height": 0.17746502161026,
          "score": null
        },
        "key_signature": "D_FLAT_MAJOR",
        "clefs": [
          "TREBLE",
          "BASS"
        ]
      },
      {
        "bbox": {
          "left": 0.5801335573196411,
          "top": 0.22640499472618103,
          "width": 0.14079099893569946,
          "height": 0.17855849862098694,
          "score": null
        },
        "key_signature": "D_FLAT_MAJOR",
        "clefs": [
          "TREBLE",
          "BASS"
        ]
      },
      {
        "bbox": {
          "left": 0.6789366602897644,
          "top": 0.22514000535011292,
          "width": 0.1210633397102356,
          "height": 0.18119072914123535,
          "score": null
        },
        "key_signature": "D_FLAT_MAJOR",
        "clefs": [
          "TREBLE",
          "TREBLE"
        ]
      },
      {
        "bbox": {
          "left": 0.8,
          "top": 0.22514000535011292,
          "width": 0.1539998769760132,
          "height": 0.18119072914123535,
          "score": null
        },
        "key_signature": "D_FLAT_MAJOR",
        "clefs": [
          "TREBLE",
          "TREBLE"
        ]
      },
      {
        "bbox": {
          "left": 0.09350382536649704,
          "top": 0.40828779339790344,
          "width": 0.21674946695566177,
          "height": 0.1662760078907013,
          "score": null
        },
        "key_signature": "D_FLAT_MAJOR",
        "clefs": [
          "TREBLE",
          "TREBLE"
        ]
      },
      {
        "bbox": {
          "left": 0.2943359911441803,
          "top": 0.40968525409698486,
          "width": 0.13938477635383606,
          "height": 0.16613245010375977,
          "score": null
        },
        "key_signature": "D_FLAT_MAJOR",
        "clefs": [
          "TREBLE",
          "TREBLE"
        ]
      },
      {
        "bbox": {
          "left": 0.4200533926486969,
          "top": 0.40394291281700134,
          "width": 0.10935837205718546,
          "height": 0.17846378684043884,
          "score": null
        },
        "key_signature": "D_FLAT_MAJOR",
        "clefs": [
          "TREBLE",
          "TREBLE"
        ]
      },
      {
        "bbox": {
          "left": 0.5294117647058824,
          "top": 0.40394291281700134,
          "width": 0.1411764705882353,
          "height": 0.17846378684043884,
          "score": null
        },
        "key_signature": "D_FLAT_MAJOR",
        "clefs": [
          "TREBLE",
          "TREBLE"
        ]
      },
      {
        "bbox": {
          "left": 0.6705882352941176,
          "top": 0.40394291281700134,
          "width": 0.12941176470588237,
          "height": 0.17846378684043884,
          "score": null
        },
        "key_signature": "D_FLAT_MAJOR",
        "clefs": [
          "TREBLE",
          "TREBLE"
        ]
      },
      {
        "bbox": {
          "left": 0.8,
          "top": 0.40394291281700134,
          "width": 0.14181907176971437,
          "height": 0.17846378684043884,
          "score": null
        },
        "key_signature": "D_FLAT_MAJOR",
        "clefs": [
          "TREBLE",
          "TREBLE"
        ]
      },
      {
        "bbox": {
          "left": 0.10516408830881119,
          "top": 0.5857402086257935,
          "width": 0.8254490122199059,
          "height": 0.1861872673034668,
          "score": null
        },
        "key_signature": "D_FLAT_MAJOR",
        "clefs": [
          "TREBLE",
          "TREBLE"
        ]
      },
      {
        "bbox": {
          "left": 0.08471186459064484,
          "top": 0.7601061463356018,
          "width": 0.738817547174061,
          "height": 0.17622411251068115,
          "score": null
        },
        "key_signature": "D_FLAT_MAJOR",
        "clefs": [
          "TREBLE",
          "BASS"
        ]
      },
      {
        "bbox": {
          "left": 0.8235294117647058,
          "top": 0.7601061463356018,
          "width": 0.11440540411893059,
          "height": 0.17622411251068115,
          "score": null
        },
        "key_signature": "D_FLAT_MAJOR",
        "clefs": [
          "TREBLE",
          "BASS"
        ]
      }
    ],
    "num_staves": null
  }
]